ResponseID,Gender,Age,AgeGroup,ITExperience,University,YearOfStudy,PythonUse,JavaUse,CppUse,JavaScriptUse,ChatGPTUsage,PEOU1,PEOU2,PEOU3,PEOU4,PR1,PR2,PR3,PR4,AIL1,AIL2,AIL3,AIL4,TR1,TR2,TR3,TR4,ANX1,ANX2,ANX3,ANX4,PU1,PU2,PU3,PU4,PLV1,PLV2,PLV3,PLV4,HM1,HM2,HM3,HM4,BI1,BI2,BI3,PEOU_Mean,PR_Mean,AIL_Mean,TR_Mean,ANX_Mean,PU_Mean,PLV_Mean,HM_Mean,BI_Mean
1,1,18,1,0,2,3,1,1,0,0,2,5,4,5,5,5,4,6,5,4,5,4,5,2,3,3,3,2,2,2,2,5,5,5,6,5,4,5,6,5,3,6,5,7,7,7,4.75,5.0,4.5,2.75,2.0,5.25,5.0,4.75,7.0
2,0,18,1,0,3,2,1,1,0,0,3,4,5,2,4,5,4,4,3,5,5,6,6,4,5,4,5,4,2,3,4,4,5,6,5,2,4,3,4,3,4,4,3,5,5,6,3.75,4.0,5.5,4.5,3.25,5.0,3.25,3.5,5.333
3,0,25,3,1,3,2,0,1,0,0,3,3,6,5,6,4,4,5,5,7,4,5,4,2,3,3,4,2,2,4,4,6,5,5,3,5,4,4,4,4,3,4,5,6,6,6,5.0,4.5,5.0,3.0,3.0,4.75,4.25,4.0,6.0
4,0,26,3,1,5,1,1,0,1,0,3,5,4,5,4,4,4,3,2,5,5,4,3,5,5,5,3,4,4,3,3,5,5,3,3,4,4,2,3,6,6,5,6,5,4,6,4.5,3.25,4.25,4.5,3.5,4.0,3.25,5.75,5.0
5,1,22,2,1,2,3,0,0,0,0,2,6,4,7,5,3,4,4,4,5,4,5,4,4,3,4,5,5,6,5,5,7,7,7,7,5,4,5,4,5,5,4,5,6,6,6,5.5,3.75,4.5,4.0,5.25,7.0,4.5,4.75,6.0
6,1,23,2,0,1,3,1,1,1,0,3,3,4,4,4,4,1,2,3,6,5,5,4,5,7,6,6,4,3,2,3,5,4,4,4,6,5,7,7,5,6,6,6,6,5,7,3.75,2.5,5.0,6.0,3.0,4.25,6.25,5.75,6.0
7,1,20,1,0,1,1,0,0,1,0,2,5,4,5,4,2,1,1,2,2,3,3,3,7,7,6,6,4,2,4,4,4,6,7,4,5,6,5,5,2,2,2,3,6,6,6,4.5,1.5,2.75,6.5,3.5,5.25,5.25,2.25,6.0
8,0,18,1,0,1,2,1,0,0,0,2,7,6,6,6,2,2,1,1,3,4,4,5,6,6,6,5,3,4,3,5,5,6,6,7,7,7,7,7,6,4,5,4,5,5,7,6.25,1.5,4.0,5.75,3.75,6.0,7.0,4.75,5.667
9,0,23,2,0,3,4,0,0,0,0,2,5,7,5,5,4,4,3,4,1,2,2,1,3,4,2,3,6,5,5,5,5,5,6,6,5,5,5,6,5,6,7,6,6,6,7,5.5,3.75,1.5,3.0,5.25,5.5,5.25,6.0,6.333
10,0,20,1,0,2,2,0,0,0,0,2,7,5,7,7,3,3,2,2,6,5,5,5,7,7,6,7,3,2,4,3,7,5,7,4,4,4,3,3,7,6,6,7,6,6,7,6.5,2.5,5.25,6.75,3.0,5.75,3.5,6.5,6.333
11,1,23,2,1,2,2,1,1,0,0,1,7,7,7,5,6,3,2,3,5,6,5,5,7,7,6,7,1,2,2,1,5,6,6,6,3,2,4,2,3,3,2,3,4,3,5,6.5,3.5,5.25,6.75,1.5,5.75,2.75,2.75,4.0
12,0,20,1,1,3,4,0,1,0,0,3,7,6,6,7,1,1,1,2,4,5,7,5,4,5,4,5,4,4,4,5,4,5,6,5,7,7,7,7,3,5,5,4,4,4,6,6.5,1.25,5.25,4.5,4.25,5.0,7.0,4.25,4.667
13,0,25,3,0,1,3,1,0,0,0,2,4,4,5,6,3,2,3,1,3,3,3,3,7,6,7,4,6,5,4,5,7,6,5,6,6,6,6,7,7,7,5,5,7,6,7,4.75,2.25,3.0,6.0,5.0,6.0,6.25,6.0,6.667
14,1,29,3,1,1,3,1,0,1,0,3,6,6,5,6,4,4,5,5,4,4,5,5,4,4,4,4,4,3,2,4,5,4,5,5,7,5,5,5,4,4,6,4,7,6,7,5.75,4.5,4.5,4.0,3.25,4.75,5.5,4.5,6.667
15,1,22,2,1,5,3,1,1,1,0,3,5,6,4,4,4,4,4,6,6,6,5,5,3,3,2,2,5,3,4,3,4,6,5,6,5,6,4,6,5,5,5,4,5,4,4,4.75,4.5,5.5,2.5,3.75,5.25,5.25,4.75,4.333
16,1,21,2,0,4,4,1,1,0,1,2,4,5,4,4,4,6,4,4,6,5,6,6,5,4,2,6,5,5,4,5,6,6,6,6,5,6,5,4,3,2,3,3,3,4,4,4.25,4.5,5.75,4.25,4.75,6.0,5.0,2.75,3.667
17,1,18,1,0,2,2,1,0,1,0,2,4,6,5,6,5,6,5,4,4,3,4,3,7,6,6,7,5,4,5,4,6,5,4,5,3,3,3,4,4,4,3,3,5,7,7,5.25,5.0,3.5,6.5,4.5,5.0,3.25,3.5,6.333
18,0,21,2,0,2,2,1,0,1,0,1,7,6,6,6,4,5,5,5,5,5,4,4,4,4,2,4,4,3,1,3,6,5,4,5,6,7,3,6,1,2,3,2,4,6,6,6.25,4.75,4.5,3.5,2.75,5.0,5.5,2.0,5.333
19,1,23,2,0,2,2,1,0,0,0,2,6,5,6,5,5,6,5,4,5,4,6,5,5,6,4,5,3,3,2,3,7,6,6,6,5,7,5,6,4,4,4,5,4,5,6,5.5,5.0,5.0,5.0,2.75,6.25,5.75,4.25,5.0
20,1,18,1,0,4,4,0,0,0,0,1,5,3,4,5,4,3,2,2,2,2,3,3,4,4,4,5,1,4,2,4,6,6,7,6,4,4,4,2,4,6,6,5,7,5,6,4.25,2.75,2.5,4.25,2.75,6.25,3.5,5.25,6.0
21,0,28,3,0,5,3,0,0,0,0,3,6,5,5,4,2,3,4,3,4,3,4,4,4,4,3,4,4,4,1,5,7,7,7,6,4,5,4,5,3,3,4,3,5,4,5,5.0,3.0,3.75,3.75,3.5,6.75,4.5,3.25,4.667
22,1,22,2,0,4,1,1,0,0,0,3,4,4,5,5,3,2,2,2,5,5,6,6,4,4,4,4,4,5,3,5,3,4,4,2,6,7,6,6,5,6,4,6,6,4,7,4.5,2.25,5.5,4.0,4.25,3.25,6.25,5.25,5.667
23,1,24,3,0,1,4,1,0,0,0,3,5,5,6,5,3,3,2,2,5,5,7,6,4,5,4,3,5,3,4,2,5,6,7,6,5,4,4,4,5,6,6,5,5,6,6,5.25,2.5,5.75,4.0,3.5,6.0,4.25,5.5,5.667
24,1,22,2,1,1,2,1,1,1,0,3,4,4,5,4,4,3,4,4,5,4,5,5,3,3,3,4,3,3,3,1,7,6,5,6,5,7,7,7,5,5,5,5,5,5,5,4.25,3.75,4.75,3.25,2.5,6.0,6.5,5.0,5.0
25,1,22,2,0,2,1,1,0,1,0,2,7,6,6,4,6,5,5,5,2,1,2,3,4,2,2,3,4,5,5,5,5,5,3,6,1,2,3,4,2,3,3,2,5,6,6,5.75,5.25,2.0,2.75,4.75,4.75,2.5,2.5,5.667
26,0,23,2,0,3,2,1,0,0,0,2,5,7,5,6,4,5,5,6,4,4,4,5,6,4,5,5,3,6,5,3,6,5,4,6,4,4,4,3,6,6,4,4,7,7,6,5.75,5.0,4.25,5.0,4.25,5.25,3.75,5.0,6.667
27,1,24,3,1,2,2,1,1,0,0,3,3,4,4,5,2,1,3,1,4,2,5,4,7,5,6,6,5,5,4,4,7,6,5,5,4,3,1,2,5,5,5,5,5,5,3,4.0,1.75,3.75,6.0,4.5,5.75,2.5,5.0,4.333
28,1,27,3,0,3,4,1,0,0,0,1,7,7,6,7,4,5,5,4,6,4,5,5,7,6,5,5,3,2,2,2,4,6,5,3,4,4,4,4,5,4,4,4,5,4,7,6.75,4.5,5.0,5.75,2.25,4.5,4.0,4.25,5.333
29,0,20,1,0,4,1,0,0,1,0,1,4,3,2,2,2,2,1,1,4,4,3,4,4,4,3,4,4,4,3,4,5,6,5,6,3,3,4,4,4,4,5,3,7,6,5,2.75,1.5,3.75,3.75,3.75,5.5,3.5,4.0,6.0
30,1,19,1,1,1,3,1,0,0,1,3,5,5,4,4,4,5,5,5,3,3,3,4,3,4,3,3,4,5,2,4,6,6,6,5,4,5,7,5,3,6,4,6,6,6,4,4.5,4.75,3.25,3.25,3.75,5.75,5.25,4.75,5.333
31,0,18,1,1,3,3,1,1,0,0,3,5,6,5,7,3,4,4,3,2,1,2,3,4,3,5,5,1,1,1,1,6,3,6,4,6,5,4,4,6,5,6,6,5,6,6,5.75,3.5,2.0,4.25,1.0,4.75,4.75,5.75,5.667
32,1,22,2,1,4,1,1,1,0,1,3,7,5,5,6,5,5,5,4,5,7,5,7,7,6,7,7,1,1,1,2,7,3,4,4,3,5,3,4,7,7,7,6,3,4,5,5.75,4.75,6.0,6.75,1.25,4.5,3.75,6.75,4.0
33,1,29,3,1,1,4,1,0,0,0,3,6,4,5,5,1,3,2,1,4,3,3,5,6,5,5,5,5,4,5,5,6,5,6,5,3,3,2,3,4,4,4,6,7,6,7,5.0,1.75,3.75,5.25,4.75,5.5,2.75,4.5,6.667
34,0,19,1,1,3,2,1,1,0,0,3,5,6,6,6,5,5,5,5,4,4,4,5,5,6,6,5,4,4,4,4,5,4,5,5,7,6,7,7,6,7,6,5,6,5,7,5.75,5.0,4.25,5.5,4.0,4.75,6.75,6.0,6.0
35,0,23,2,0,2,2,1,0,0,0,2,6,6,5,6,1,2,2,2,5,3,4,5,7,5,6,5,2,5,3,3,5,4,4,3,5,6,3,4,6,5,6,4,5,3,5,5.75,1.75,4.25,5.75,3.25,4.0,4.5,5.25,4.333
36,0,20,1,1,2,2,1,0,0,0,3,7,3,3,4,3,2,4,2,3,3,4,4,6,5,6,5,2,3,2,1,5,6,6,6,3,4,3,4,3,5,4,4,6,7,7,4.25,2.75,3.5,5.5,2.0,5.75,3.5,4.0,6.667
37,1,29,3,0,2,4,1,1,0,0,2,7,6,7,5,4,2,3,1,3,4,3,2,4,6,5,5,6,5,5,4,5,7,6,6,5,5,6,7,5,4,4,5,5,6,6,6.25,2.5,3.0,5.0,5.0,6.0,5.75,4.5,5.667
38,1,21,2,1,4,2,0,0,0,0,1,5,5,5,5,4,1,1,1,3,2,3,4,5,5,6,4,4,3,4,2,6,7,5,5,5,5,4,4,3,4,3,3,3,4,4,5.0,1.75,3.0,5.0,3.25,5.75,4.5,3.25,3.667
39,0,22,2,0,2,1,0,0,0,0,2,7,6,6,5,4,5,5,4,3,1,5,2,5,3,3,4,2,2,2,1,4,4,6,5,4,3,6,6,5,5,5,4,7,7,7,6.0,4.5,2.75,3.75,1.75,4.75,4.75,4.75,7.0
40,1,22,2,1,5,1,1,1,0,0,1,4,5,4,4,7,6,4,4,4,5,6,6,4,3,1,3,7,5,4,5,6,6,6,5,4,4,5,5,3,3,2,1,6,4,5,4.25,5.25,5.25,2.75,5.25,5.75,4.5,2.25,5.0
41,1,23,2,0,1,2,1,0,0,0,3,5,5,5,6,6,6,7,7,3,3,3,4,6,5,5,5,2,3,4,4,6,4,5,3,1,2,3,4,5,5,2,3,4,3,2,5.25,6.5,3.25,5.25,3.25,4.5,2.5,3.75,3.0
42,1,18,1,0,4,3,1,0,1,0,2,3,4,5,5,5,4,2,3,7,6,6,6,7,7,6,7,2,3,3,2,5,2,5,2,5,6,6,5,4,4,4,4,3,5,5,4.25,3.5,6.25,6.75,2.5,3.5,5.5,4.0,4.333
43,1,19,1,0,2,2,1,0,0,0,2,4,4,4,3,6,6,4,5,6,6,5,6,5,3,3,5,3,3,3,5,5,5,4,5,5,2,5,3,6,7,7,7,6,5,5,3.75,5.25,5.75,4.0,3.5,4.75,3.75,6.75,5.333
44,0,28,3,1,1,1,1,0,0,0,3,5,6,5,7,4,4,4,4,5,4,6,6,6,7,6,5,2,1,1,2,7,7,7,7,5,3,4,4,7,6,6,6,1,3,3,5.75,4.0,5.25,6.0,1.5,7.0,4.0,6.25,2.333
45,1,21,2,0,3,1,1,0,0,1,3,5,4,6,4,5,5,4,3,6,3,4,3,6,5,5,6,5,3,4,4,6,5,5,5,6,6,7,5,5,4,5,5,4,5,5,4.75,4.25,4.0,5.5,4.0,5.25,6.0,4.75,4.667
46,0,29,3,0,2,2,1,0,0,0,2,7,5,6,6,3,1,4,3,5,6,6,7,4,5,4,3,3,4,3,4,6,6,5,6,5,7,7,6,5,4,5,6,4,5,6,6.0,2.75,6.0,4.0,3.5,5.75,6.25,5.0,5.0
47,1,29,3,0,1,4,1,0,0,0,2,2,4,4,4,4,2,3,4,3,5,4,4,4,4,3,3,4,3,3,2,6,4,5,5,7,6,6,7,5,6,6,6,4,3,5,3.5,3.25,4.0,3.5,3.0,5.0,6.5,5.75,4.0
48,1,23,2,1,5,2,1,0,1,0,2,7,7,7,7,5,3,4,3,6,4,4,6,5,4,3,4,5,4,5,5,6,5,4,6,6,6,7,5,1,3,3,1,4,6,4,7.0,3.75,5.0,4.0,4.75,5.25,6.0,2.0,4.667
49,0,22,2,1,3,4,0,0,0,1,2,5,5,4,4,2,3,2,2,5,5,5,5,6,2,5,4,3,1,1,1,7,5,6,4,6,4,3,4,4,5,6,5,4,6,5,4.5,2.25,5.0,4.25,1.5,5.5,4.25,5.0,5.0
50,1,28,3,0,5,2,0,1,0,0,2,5,6,5,5,4,5,4,2,5,4,4,5,4,3,2,4,2,2,3,1,6,5,4,3,2,3,3,3,3,2,4,4,4,3,4,5.25,3.75,4.5,3.25,2.0,4.5,2.75,3.25,3.667
51,0,23,2,0,1,1,0,0,0,1,3,7,5,7,7,3,3,3,4,4,5,6,5,6,6,4,6,2,1,3,2,5,4,4,4,6,6,6,5,5,3,4,4,7,5,7,6.5,3.25,5.0,5.5,2.0,4.25,5.75,4.0,6.333
52,0,18,1,0,5,4,1,1,0,0,2,5,4,4,3,4,4,5,5,4,2,4,4,3,4,3,3,3,4,2,3,6,4,6,5,6,6,7,7,4,3,4,3,6,6,7,4.0,4.5,3.5,3.25,3.0,5.25,6.5,3.5,6.333
53,0,21,2,0,1,2,0,1,0,0,3,6,6,6,5,2,3,2,1,4,5,4,4,4,3,3,3,4,4,4,3,4,5,4,5,3,4,5,4,5,5,3,5,5,4,6,5.75,2.0,4.25,3.25,3.75,4.5,4.0,4.5,5.0
54,0,18,1,0,1,3,1,1,0,0,3,4,4,4,5,4,3,3,4,4,4,4,6,5,4,3,4,4,4,3,3,4,4,4,5,5,6,6,5,5,6,6,4,6,5,5,4.25,3.5,4.5,4.0,3.5,4.25,5.5,5.25,5.333
55,0,28,3,1,5,4,0,0,1,0,1,6,7,7,7,6,6,6,5,5,4,5,6,3,4,5,5,3,4,4,2,7,6,6,5,4,5,5,5,5,6,4,5,6,6,6,6.75,5.75,5.0,4.25,3.25,6.0,4.75,5.0,6.0
56,0,21,2,0,1,1,1,0,0,0,2,4,4,4,7,4,5,6,3,4,2,4,4,5,5,5,6,3,2,2,3,6,5,6,5,6,7,7,6,6,4,5,5,5,5,5,4.75,4.5,3.5,5.25,2.5,5.5,6.5,5.0,5.0
57,1,18,1,1,2,1,0,0,0,1,2,5,5,3,4,5,6,5,6,3,2,3,4,7,6,7,7,6,4,5,5,5,6,5,4,1,4,4,5,6,5,4,4,3,1,2,4.25,5.5,3.0,6.75,5.0,5.0,3.5,4.75,2.0
58,1,23,2,0,1,3,1,0,0,1,3,5,3,4,6,4,5,3,5,3,4,5,3,5,6,5,3,7,6,5,5,5,5,4,4,7,7,7,7,7,6,7,6,5,5,6,4.5,4.25,3.75,4.75,5.75,4.5,7.0,6.5,5.333
59,1,22,2,0,4,2,0,0,0,0,2,6,5,4,4,3,4,4,4,6,6,5,6,4,4,5,6,4,4,3,2,7,6,7,6,4,6,7,5,3,4,4,3,4,3,4,4.75,3.75,5.75,4.75,3.25,6.5,5.5,3.5,3.667
60,1,20,1,0,1,1,0,0,0,0,3,4,6,4,3,4,6,5,3,7,7,6,7,2,4,2,4,2,4,2,3,6,5,4,4,7,7,7,7,6,6,7,6,4,5,5,4.25,4.5,6.75,3.0,2.75,4.75,7.0,6.25,4.667
61,1,20,1,1,4,1,1,0,1,0,3,4,4,5,5,7,6,6,5,3,2,3,4,5,7,5,3,5,6,4,5,5,6,5,5,4,5,4,5,5,5,3,5,7,5,6,4.5,6.0,3.0,5.0,5.0,5.25,4.5,4.5,6.0
62,1,23,2,1,1,1,1,1,0,1,3,6,5,4,3,1,2,1,1,4,4,4,3,4,5,3,6,2,2,1,1,5,5,4,4,7,6,5,7,5,5,6,5,5,5,4,4.5,1.25,3.75,4.5,1.5,4.5,6.25,5.25,4.667
63,0,22,2,1,1,3,0,1,0,0,1,4,5,3,4,2,1,1,2,4,2,5,5,4,4,5,4,3,3,2,2,5,6,6,6,4,4,4,4,3,5,4,3,3,5,5,4.0,1.5,4.0,4.25,2.5,5.75,4.0,3.75,4.333
64,1,21,2,1,5,1,1,0,0,1,2,6,5,7,7,5,5,5,4,5,5,6,7,5,3,4,7,3,3,3,4,7,7,6,6,5,6,4,5,3,4,4,3,4,6,7,6.25,4.75,5.75,4.75,3.25,6.5,5.0,3.5,5.667
65,1,21,2,1,2,2,0,0,0,1,2,5,5,5,5,3,3,3,3,4,4,5,5,6,6,6,6,2,1,3,1,5,3,4,5,5,5,6,6,5,5,6,5,6,6,5,5.0,3.0,4.5,6.0,1.75,4.25,5.5,5.25,5.667
66,0,23,2,0,2,3,1,1,1,0,2,6,6,4,6,3,3,3,1,3,2,4,4,4,3,4,3,2,3,2,2,7,6,6,5,7,7,7,7,5,5,6,5,3,3,5,5.5,2.5,3.25,3.5,2.25,6.0,7.0,5.25,3.667
67,1,23,2,1,3,2,1,1,1,0,1,5,7,6,5,3,2,1,2,6,5,6,7,1,3,1,2,3,3,3,2,6,7,6,5,4,5,5,5,5,7,6,4,4,3,6,5.75,2.0,6.0,1.75,2.75,6.0,4.75,5.5,4.333
68,0,22,2,1,5,1,1,0,0,1,3,5,3,5,4,3,3,3,2,5,5,2,4,3,5,5,4,4,3,3,3,7,7,6,6,6,6,7,5,3,5,3,5,5,4,5,4.25,2.75,4.0,4.25,3.25,6.5,6.0,4.0,4.667
69,1,26,3,0,5,3,1,1,0,0,3,5,6,6,5,1,4,2,2,4,2,4,3,5,5,5,5,4,3,2,3,6,5,5,6,4,5,5,3,7,7,7,7,5,4,5,5.5,2.25,3.25,5.0,3.0,5.5,4.25,7.0,4.667
70,0,20,1,0,2,1,0,0,1,1,2,6,5,7,5,7,7,6,5,4,2,4,3,5,4,5,7,3,3,3,1,5,4,5,4,5,7,6,6,5,6,7,5,6,4,6,5.75,6.25,3.25,5.25,2.5,4.5,6.0,5.75,5.333
71,0,19,1,0,5,3,1,0,0,0,1,4,6,6,5,4,3,4,1,5,6,5,7,7,5,5,5,2,4,2,3,6,7,7,7,5,5,5,5,5,5,7,6,7,7,7,5.25,3.0,5.75,5.5,2.75,6.75,5.0,5.75,7.0
72,1,18,1,1,2,4,1,0,0,0,1,6,6,6,7,5,4,4,4,5,4,4,6,6,5,4,6,3,3,3,3,7,6,7,5,5,4,4,5,5,5,4,3,4,4,3,6.25,4.25,4.75,5.25,3.0,6.25,4.5,4.25,3.667
73,1,22,2,0,5,2,1,1,0,1,3,7,7,6,6,3,6,4,4,5,4,4,5,4,3,4,4,4,3,4,3,5,6,3,5,5,6,5,6,5,4,2,5,6,5,6,6.5,4.25,4.5,3.75,3.5,4.75,5.5,4.0,5.667
74,0,23,2,1,1,2,1,0,0,0,1,5,6,6,6,5,6,5,6,3,3,4,4,2,3,4,2,4,4,2,4,6,4,6,4,4,5,6,5,4,4,4,6,7,5,7,5.75,5.5,3.5,2.75,3.5,5.0,5.0,4.5,6.333
75,0,23,2,1,2,2,0,0,1,0,1,5,3,4,5,6,6,4,3,5,5,4,6,4,5,5,6,3,5,4,5,7,5,7,5,5,4,4,4,6,6,6,5,7,5,7,4.25,4.75,5.0,5.0,4.25,6.0,4.25,5.75,6.333
76,0,19,1,0,2,2,0,0,1,0,3,4,1,5,4,5,5,6,4,6,6,5,4,7,6,6,6,4,3,3,4,5,3,5,2,4,5,5,4,3,4,3,5,4,4,4,3.5,5.0,5.25,6.25,3.5,3.75,4.5,3.75,4.0
77,0,20,1,1,4,4,1,0,0,0,2,5,5,3,5,3,2,3,3,5,3,6,6,4,3,4,5,5,6,2,3,6,7,3,7,4,4,3,6,3,3,4,3,7,7,7,4.5,2.75,5.0,4.0,4.0,5.75,4.25,3.25,7.0
78,1,18,1,0,5,4,0,1,0,1,2,6,5,4,4,4,3,2,3,6,3,5,4,5,5,4,5,5,5,5,5,7,5,7,6,6,4,5,6,5,6,5,5,2,2,3,4.75,3.0,4.5,4.75,5.0,6.25,5.25,5.25,2.333
79,1,20,1,0,5,2,0,0,0,1,1,6,6,7,5,4,4,5,3,5,5,5,5,5,5,4,7,2,3,1,2,6,7,5,6,4,4,6,4,4,4,6,6,5,4,4,6.0,4.0,5.0,5.25,2.0,6.0,4.5,5.0,4.333
80,1,21,2,1,2,3,1,0,0,0,3,4,3,3,2,3,2,2,3,5,4,4,4,4,4,3,3,2,3,1,2,5,5,5,4,4,5,5,6,4,2,3,4,7,7,7,3.0,2.5,4.25,3.5,2.0,4.75,5.0,3.25,7.0
81,0,20,1,0,1,4,0,0,0,0,1,4,7,5,4,3,4,4,3,3,3,4,2,5,6,3,4,5,5,6,6,4,4,4,4,3,3,3,3,3,3,4,4,5,4,4,5.0,3.5,3.0,4.5,5.5,4.0,3.0,3.5,4.333
82,0,22,2,1,1,4,1,1,0,1,2,5,5,6,4,4,5,6,2,4,4,4,4,6,6,6,7,3,2,2,2,7,7,7,7,5,4,6,6,5,6,7,6,7,7,7,5.0,4.25,4.0,6.25,2.25,7.0,5.25,6.0,7.0
83,1,27,3,0,1,2,1,0,0,0,2,5,4,5,2,6,6,4,4,2,1,2,2,4,4,4,4,1,1,1,1,5,6,5,4,5,6,6,5,6,5,4,4,4,3,6,4.0,5.0,1.75,4.0,1.0,5.0,5.5,4.75,4.333
84,1,20,1,0,5,2,0,0,0,1,2,6,7,7,7,2,1,2,2,7,6,7,7,3,4,3,4,4,1,3,2,6,5,6,5,5,5,5,4,4,2,2,5,4,4,4,6.75,1.75,6.75,3.5,2.5,5.5,4.75,3.25,4.0
85,1,22,2,0,4,2,1,0,0,0,2,6,5,5,4,5,4,3,3,6,4,5,6,3,4,4,6,3,4,3,3,4,6,6,4,7,6,7,7,4,6,4,3,5,5,6,5.0,3.75,5.25,4.25,3.25,5.0,6.75,4.25,5.333
86,1,22,2,0,2,4,0,1,1,0,1,7,7,7,7,4,4,4,4,3,3,4,3,2,2,2,3,1,1,1,1,6,5,6,5,2,4,2,1,4,4,3,4,5,4,7,7.0,4.0,3.25,2.25,1.0,5.5,2.25,3.75,5.333
87,0,20,1,1,3,1,0,0,0,1,1,5,4,7,5,4,5,4,4,4,4,4,7,6,5,5,7,6,5,4,4,5,4,5,3,6,5,6,5,5,5,5,5,6,3,5,5.25,4.25,4.75,5.75,4.75,4.25,5.5,5.0,4.667
88,0,23,2,0,4,3,1,1,1,0,1,7,6,6,6,4,5,4,4,4,2,4,4,6,6,4,5,3,2,2,2,5,6,4,3,5,5,6,6,6,4,6,6,5,5,5,6.25,4.25,3.5,5.25,2.25,4.5,5.5,5.5,5.0
89,0,25,3,1,3,2,0,1,0,0,3,7,6,7,7,5,7,5,4,5,5,5,6,6,6,5,6,2,4,3,4,4,3,4,4,5,6,5,6,6,4,6,6,7,6,7,6.75,5.25,5.25,5.75,3.25,3.75,5.5,5.5,6.667
90,1,28,3,0,4,2,1,1,0,0,2,6,6,7,7,5,5,6,4,3,3,2,2,5,6,4,3,3,1,4,4,7,6,7,6,6,5,5,4,4,1,5,2,7,7,6,6.5,5.0,2.5,4.5,3.0,6.5,5.0,3.0,6.667
91,1,19,1,0,1,2,1,0,0,0,3,3,6,3,3,5,5,6,5,3,4,4,5,5,4,4,5,2,1,1,1,4,4,5,4,5,7,6,4,5,6,5,5,5,4,4,3.75,5.25,4.0,4.5,1.25,4.25,5.5,5.25,4.333
92,0,29,3,1,5,4,1,0,0,0,2,4,4,7,5,5,5,5,4,5,4,4,5,4,5,4,2,3,1,2,3,4,4,4,4,6,6,7,7,6,7,6,7,2,4,3,5.0,4.75,4.5,3.75,2.25,4.0,6.5,6.5,3.0
93,0,22,2,0,3,1,0,0,1,0,2,4,5,5,4,4,3,3,3,5,6,5,5,6,5,5,5,1,2,2,2,4,2,3,4,3,3,5,5,6,6,6,7,1,2,2,4.5,3.25,5.25,5.25,1.75,3.25,4.0,6.25,1.667
94,0,20,1,1,4,3,1,1,1,0,2,7,5,5,6,6,4,5,4,4,5,4,4,4,2,3,4,6,5,4,3,5,4,5,3,7,6,4,6,4,4,5,6,5,4,7,5.75,4.75,4.25,3.25,4.5,4.25,5.75,4.75,5.333
95,0,22,2,0,5,1,1,0,0,0,2,6,6,5,5,3,4,4,4,2,1,1,3,5,3,5,5,4,4,2,3,6,5,5,5,4,2,4,3,7,7,7,7,7,6,6,5.5,3.75,1.75,4.5,3.25,5.25,3.25,7.0,6.333
96,1,29,3,0,3,1,0,0,1,0,1,4,3,5,4,5,4,3,4,4,4,5,4,4,5,4,5,3,3,3,3,7,4,6,6,2,4,3,4,4,6,5,5,6,6,7,4.0,4.0,4.25,4.5,3.0,5.75,3.25,5.0,6.333
97,1,23,2,0,2,2,0,0,0,0,3,6,6,6,5,5,3,3,3,4,5,3,3,6,5,4,6,4,2,1,1,6,5,5,4,6,7,6,6,6,5,5,5,5,4,5,5.75,3.5,3.75,5.25,2.0,5.0,6.25,5.25,4.667
98,1,20,1,0,4,2,0,0,0,1,2,2,5,2,3,4,4,3,5,5,4,3,5,3,3,3,5,5,4,4,4,7,7,7,5,4,2,5,5,4,4,5,4,4,3,6,3.0,4.0,4.25,3.5,4.25,6.5,4.0,4.25,4.333
99,1,23,2,1,2,2,1,1,0,0,2,6,6,7,7,4,3,4,4,5,6,6,5,5,6,3,6,5,5,5,5,7,7,4,4,3,3,3,3,4,3,3,3,6,6,7,6.5,3.75,5.5,5.0,5.0,5.5,3.0,3.25,6.333
100,1,19,1,1,1,2,1,0,0,0,3,5,6,3,4,3,3,2,3,2,3,3,2,5,3,5,4,6,4,4,4,6,5,7,6,4,3,4,4,4,3,3,3,7,6,7,4.5,2.75,2.5,4.25,4.5,6.0,3.75,3.25,6.667
101,1,20,1,1,2,1,1,1,1,0,3,6,5,5,6,5,6,6,5,4,3,3,4,5,4,4,3,5,2,2,2,7,6,6,6,5,4,4,4,5,5,5,4,3,1,2,5.5,5.5,3.5,4.0,2.75,6.25,4.25,4.75,2.0
102,0,18,1,1,2,2,0,0,0,0,1,5,6,5,5,2,4,5,4,3,4,3,5,5,4,3,6,3,3,5,3,6,5,5,6,6,7,6,7,3,2,3,4,5,4,6,5.25,3.75,3.75,4.5,3.5,5.5,6.5,3.0,5.0
103,1,20,1,1,4,4,1,1,0,0,1,7,7,7,7,6,6,5,7,4,3,4,4,5,3,4,5,3,2,1,3,7,7,7,6,5,5,4,5,2,3,3,3,5,4,5,7.0,6.0,3.75,4.25,2.25,6.75,4.75,2.75,4.667
104,1,19,1,0,1,4,1,1,1,0,1,2,2,1,2,1,2,1,2,5,5,6,5,5,6,4,5,3,3,2,2,6,7,5,5,6,6,5,5,3,3,2,3,4,3,3,1.75,1.5,5.25,5.0,2.5,5.75,5.5,2.75,3.333
105,0,20,1,0,2,2,0,1,0,0,1,5,4,4,5,2,3,3,4,4,4,3,4,5,4,4,5,3,2,2,2,4,4,5,4,4,2,2,5,3,4,5,6,4,4,4,4.5,3.0,3.75,4.5,2.25,4.25,3.25,4.5,4.0
106,1,22,2,0,5,3,1,0,1,1,3,5,6,4,5,3,5,5,3,5,5,5,6,4,5,5,5,2,1,1,1,5,6,4,4,7,5,7,7,6,6,4,6,5,5,6,5.0,4.0,5.25,4.75,1.25,4.75,6.5,5.5,5.333
107,1,20,1,1,3,4,0,1,0,0,2,4,5,3,2,7,5,4,4,3,3,3,4,4,5,4,4,4,3,6,5,5,3,4,6,7,7,7,7,5,3,4,6,7,6,7,3.5,5.0,3.25,4.25,4.5,4.5,7.0,4.5,6.667
108,0,20,1,0,2,1,0,0,0,0,2,7,7,7,6,6,5,4,3,3,4,5,5,4,4,2,3,3,1,1,1,7,6,7,7,4,5,5,6,4,4,5,4,7,7,7,6.75,4.5,4.25,3.25,1.5,6.75,5.0,4.25,7.0
109,1,27,3,0,1,3,0,0,1,0,2,3,4,5,4,4,5,4,3,5,3,5,5,4,4,4,5,5,4,5,5,5,5,4,4,6,6,7,5,5,4,5,4,5,5,6,4.0,4.0,4.5,4.25,4.75,4.5,6.0,4.5,5.333
110,1,23,2,1,2,4,1,1,0,1,2,6,5,6,6,2,1,2,3,5,3,3,4,6,7,6,6,4,5,5,4,4,5,4,5,6,6,5,6,4,5,5,4,2,2,3,5.75,2.0,3.75,6.25,4.5,4.5,5.75,4.5,2.333
111,1,22,2,0,3,1,1,0,0,0,2,5,6,6,4,1,2,2,2,7,6,5,5,4,3,3,4,4,4,3,3,6,5,4,5,3,2,2,4,6,6,4,6,5,4,5,5.25,1.75,5.75,3.5,3.5,5.0,2.75,5.5,4.667
112,1,18,1,0,1,1,0,1,0,0,2,7,7,6,6,5,4,3,3,6,4,4,4,5,4,3,5,5,5,4,3,4,5,5,5,6,5,6,4,4,5,6,3,3,3,4,6.5,3.75,4.5,4.25,4.25,4.75,5.25,4.5,3.333
113,0,18,1,1,4,4,0,0,0,1,2,4,3,4,5,3,3,4,2,5,4,7,5,4,5,4,5,3,1,3,2,7,5,6,6,5,5,5,4,1,3,3,4,3,4,5,4.0,3.0,5.25,4.5,2.25,6.0,4.75,2.75,4.0
114,0,19,1,0,1,2,0,0,0,0,3,3,5,4,4,3,5,2,3,3,2,3,4,6,5,4,6,6,5,4,4,7,6,6,6,4,4,3,5,2,2,3,3,6,5,6,4.0,3.25,3.0,5.25,4.75,6.25,4.0,2.5,5.667
115,0,18,1,0,4,1,1,1,1,0,2,6,7,6,7,2,4,4,5,3,4,6,5,4,4,4,5,5,3,4,3,7,6,5,5,4,3,4,4,5,6,6,6,5,7,7,6.5,3.75,4.5,4.25,3.75,5.75,3.75,5.75,6.333
116,0,18,1,1,1,2,0,1,0,0,2,6,5,4,6,3,3,2,2,4,5,4,5,5,6,5,5,4,3,2,1,6,6,5,6,5,6,5,7,5,3,3,5,6,6,6,5.25,2.5,4.5,5.25,2.5,5.75,5.75,4.0,6.0
117,0,19,1,0,3,2,0,1,1,0,2,5,5,4,3,7,6,7,4,4,3,4,5,2,3,2,4,3,3,1,1,5,5,4,4,5,2,3,3,5,5,5,4,3,5,3,4.25,6.0,4.0,2.75,2.0,4.5,3.25,4.75,3.667
118,1,19,1,0,3,3,0,0,0,0,3,4,4,4,4,4,5,4,5,6,3,4,5,6,6,5,7,2,2,2,2,4,6,7,5,6,6,7,6,4,3,4,3,6,5,7,4.0,4.5,4.5,6.0,2.0,5.5,6.25,3.5,6.0
119,0,19,1,0,1,3,0,0,0,1,2,4,5,6,6,2,3,3,1,6,4,5,4,5,6,6,6,5,3,5,5,7,6,6,6,7,7,3,5,3,4,6,5,4,5,4,5.25,2.25,4.75,5.75,4.5,6.25,5.5,4.5,4.333
120,0,21,2,0,2,4,0,0,0,0,3,7,7,6,6,3,2,3,1,3,3,3,4,2,2,3,4,4,3,3,6,5,5,4,4,4,3,3,4,5,4,5,5,6,5,7,6.5,2.25,3.25,2.75,4.0,4.5,3.5,4.75,6.0
121,0,20,1,0,3,2,1,0,0,0,2,3,4,4,3,1,1,1,1,5,7,5,6,2,3,2,2,4,2,2,3,7,7,7,7,3,5,4,4,4,4,3,4,6,6,6,3.5,1.0,5.75,2.25,2.75,7.0,4.0,3.75,6.0
122,0,19,1,0,4,2,1,1,1,0,1,2,1,1,2,2,3,2,4,1,2,2,2,4,4,4,4,2,1,2,1,5,4,6,6,4,4,5,5,3,5,5,4,6,5,5,1.5,2.75,1.75,4.0,1.5,5.25,4.5,4.25,5.333
123,1,21,2,0,4,2,1,0,0,1,2,5,6,6,5,6,6,5,3,4,4,3,5,5,4,4,4,1,1,1,1,5,6,5,5,7,7,7,7,6,7,6,6,6,6,6,5.5,5.0,4.0,4.25,1.0,5.25,7.0,6.25,6.0
124,1,22,2,1,5,2,1,0,1,1,3,4,3,4,3,3,3,2,4,5,5,6,4,7,7,7,7,3,6,3,5,4,5,4,5,4,4,4,5,5,4,3,4,4,4,6,3.5,3.0,5.0,7.0,4.25,4.5,4.25,4.0,4.667
125,1,20,1,0,4,1,1,1,1,0,2,4,4,2,2,3,5,5,3,5,3,4,3,6,4,4,5,3,3,2,1,7,5,7,5,4,5,3,5,6,4,5,5,7,6,7,3.0,4.0,3.75,4.75,2.25,6.0,4.25,5.0,6.667
126,1,21,2,0,5,4,1,1,1,0,2,2,2,2,2,1,2,1,1,5,7,6,6,2,3,2,4,3,1,4,2,6,4,4,3,4,4,3,4,3,2,4,4,6,6,6,2.0,1.25,6.0,2.75,2.5,4.25,3.75,3.25,6.0
127,0,23,2,0,1,4,1,1,0,0,1,6,6,6,6,6,4,4,4,3,2,3,4,3,4,3,3,5,5,5,5,7,7,7,7,5,5,6,5,6,7,6,7,5,5,6,6.0,4.5,3.0,3.25,5.0,7.0,5.25,6.5,5.333
128,0,18,1,1,1,2,1,0,1,0,2,5,4,4,5,4,2,2,3,4,2,3,4,5,4,6,4,2,2,3,2,7,6,6,6,3,5,4,4,7,6,7,6,6,4,6,4.5,2.75,3.25,4.75,2.25,6.25,4.0,6.5,5.333
129,1,29,3,0,1,3,1,0,1,1,2,5,5,4,4,4,3,3,4,1,3,3,2,6,5,5,4,3,2,3,1,6,6,5,5,3,3,4,2,1,2,1,4,6,5,5,4.5,3.5,2.25,5.0,2.25,5.5,3.0,2.0,5.333
130,1,24,3,1,2,1,0,1,1,1,2,7,7,7,6,3,3,4,2,4,4,4,5,3,4,2,4,3,2,2,1,5,3,5,4,5,4,3,4,5,3,3,4,6,6,7,6.75,3.0,4.25,3.25,2.0,4.25,4.0,3.75,6.333
131,1,20,1,1,2,2,0,0,1,0,3,6,5,5,6,2,2,2,3,5,3,3,6,4,3,4,5,5,6,5,5,7,5,3,6,3,4,5,3,5,6,4,5,6,5,4,5.5,2.25,4.25,4.0,5.25,5.25,3.75,5.0,5.0
132,1,20,1,1,5,3,1,1,0,0,3,7,7,7,4,1,2,3,2,6,5,7,6,4,5,4,3,6,6,4,5,6,5,6,7,4,3,4,5,2,2,4,3,4,4,3,6.25,2.0,6.0,4.0,5.25,6.0,4.0,2.75,3.667
133,1,22,2,1,4,2,0,0,0,1,2,4,3,3,3,5,5,3,5,6,3,4,5,4,3,3,2,4,5,3,5,5,7,6,6,5,6,4,5,3,4,4,4,3,2,4,3.25,4.5,4.5,3.0,4.25,6.0,5.0,3.75,3.0
134,1,21,2,0,4,4,1,1,0,0,2,5,4,6,6,3,5,5,3,6,5,5,6,6,6,4,6,4,4,7,2,6,4,6,4,6,5,7,6,4,5,4,4,6,4,5,5.25,4.0,5.5,5.5,4.25,5.0,6.0,4.25,5.0
135,0,19,1,0,1,3,1,0,0,0,2,2,3,5,4,4,5,7,4,5,4,6,6,5,6,5,5,3,3,3,2,4,5,3,4,4,5,5,5,4,3,5,5,6,7,7,3.5,5.0,5.25,5.25,2.75,4.0,4.75,4.25,6.667
136,1,18,1,1,3,2,1,0,1,0,3,5,5,4,6,4,6,4,5,4,3,4,4,6,5,5,6,5,5,6,6,4,4,4,5,4,3,4,4,5,6,6,6,2,3,5,5.0,4.75,3.75,5.5,5.5,4.25,3.75,5.75,3.333
137,1,18,1,0,2,3,1,0,0,0,3,5,6,5,3,4,5,5,3,3,2,4,3,4,5,5,5,5,2,3,3,5,4,5,4,4,5,6,5,3,6,4,4,5,4,4,4.75,4.25,3.0,4.75,3.25,4.5,5.0,4.25,4.333
138,0,22,2,0,2,1,0,0,0,0,2,6,5,5,5,2,1,1,1,4,4,6,5,4,4,3,5,4,3,5,3,6,7,6,6,4,5,6,6,2,2,2,2,4,5,3,5.25,1.25,4.75,4.0,3.75,6.25,5.25,2.0,4.0
139,1,23,2,0,1,2,0,1,0,0,3,5,5,6,5,4,3,2,4,2,3,2,2,6,7,5,6,4,2,4,2,5,4,3,4,3,2,3,3,4,5,6,5,7,7,7,5.25,3.25,2.25,6.0,3.0,4.0,2.75,5.0,7.0
140,0,18,1,1,2,2,1,0,1,0,2,5,5,5,7,5,3,3,3,6,5,7,5,4,4,6,5,4,3,4,3,7,5,6,6,7,7,7,7,6,5,5,6,5,6,5,5.5,3.5,5.75,4.75,3.5,6.0,7.0,5.5,5.333
141,0,21,2,0,1,2,1,1,1,0,3,5,6,6,5,7,6,7,7,5,5,4,4,4,5,4,4,6,4,6,4,4,4,3,5,7,6,5,6,7,7,7,7,6,5,7,5.5,6.75,4.5,4.25,5.0,4.0,6.0,7.0,6.0
142,1,23,2,0,5,3,1,1,1,0,2,7,7,6,7,5,3,4,4,6,4,7,5,3,3,3,5,5,3,2,4,6,4,5,3,5,6,7,6,2,1,3,3,6,7,6,6.75,4.0,5.5,3.5,3.5,4.5,6.0,2.25,6.333
143,1,19,1,0,4,2,1,0,0,0,1,6,6,4,5,6,7,5,4,5,4,3,4,5,4,4,4,5,4,4,6,5,3,2,3,6,7,6,6,4,4,6,5,4,4,6,5.25,5.5,4.0,4.25,4.75,3.25,6.25,4.75,4.667
144,1,19,1,1,3,3,1,1,0,0,3,4,5,3,3,4,2,5,4,4,6,6,5,4,4,4,6,4,4,2,3,5,4,5,4,3,3,2,3,2,2,3,2,6,5,6,3.75,3.75,5.25,4.5,3.25,4.5,2.75,2.25,5.667
145,1,23,2,1,4,3,1,1,1,0,2,6,6,6,6,3,3,3,3,6,4,5,6,7,7,6,7,3,2,1,3,7,5,6,7,7,7,7,6,6,6,7,6,6,7,6,6.0,3.0,5.25,6.75,2.25,6.25,6.75,6.25,6.333
146,1,25,3,0,4,2,0,0,1,0,3,4,4,3,2,5,3,4,6,3,4,5,4,6,6,5,5,4,2,3,2,7,5,6,6,4,5,3,3,5,4,4,4,6,5,6,3.25,4.5,4.0,5.5,2.75,6.0,3.75,4.25,5.667
147,0,23,2,0,5,3,0,0,0,1,2,7,7,7,7,4,3,4,3,3,3,3,4,5,3,2,4,4,3,3,3,5,4,5,4,4,2,4,4,4,2,4,3,7,6,6,7.0,3.5,3.25,3.5,3.25,4.5,3.5,3.25,6.333
148,1,23,2,0,2,1,1,0,1,0,2,5,5,4,4,4,2,3,2,3,4,5,4,4,4,3,4,3,1,4,2,7,5,6,6,6,6,4,3,6,5,6,6,6,5,7,4.5,2.75,4.0,3.75,2.5,6.0,4.75,5.75,6.0
149,1,18,1,0,3,1,0,1,0,0,2,5,5,4,4,2,5,3,2,3,4,2,3,4,4,5,4,3,1,3,2,7,6,7,6,7,7,5,6,4,3,5,3,7,6,6,4.5,3.0,3.0,4.25,2.25,6.5,6.25,3.75,6.333
150,1,23,2,1,2,2,1,1,0,0,2,5,5,5,5,3,3,3,3,2,3,3,2,7,7,7,7,5,3,4,5,6,5,5,5,7,7,7,5,3,5,6,5,5,5,4,5.0,3.0,2.5,7.0,4.25,5.25,6.5,4.75,4.667
151,0,22,2,0,4,2,1,0,1,0,1,7,6,5,6,6,6,5,5,6,6,6,7,5,6,3,2,3,3,4,3,7,7,6,6,6,6,7,5,6,2,5,4,5,4,6,6.0,5.5,6.25,4.0,3.25,6.5,6.0,4.25,5.0
152,1,20,1,0,1,1,1,1,1,1,3,4,4,5,5,1,2,2,1,5,3,5,5,6,4,6,5,3,3,4,3,6,4,7,6,4,4,5,4,6,5,5,7,6,5,6,4.5,1.5,4.5,5.25,3.25,5.75,4.25,5.75,5.667
153,1,18,1,1,4,3,1,1,0,0,3,5,5,5,5,6,3,4,5,3,3,2,6,4,5,4,4,4,3,3,1,7,6,6,5,3,3,4,5,6,7,7,6,7,6,6,5.0,4.5,3.5,4.25,2.75,6.0,3.75,6.5,6.333
154,1,19,1,0,2,2,0,0,0,1,1,6,7,6,5,3,2,3,2,6,7,5,4,4,7,5,5,4,3,1,3,3,5,4,3,5,4,4,6,4,4,4,5,6,7,7,6.0,2.5,5.5,5.25,2.75,3.75,4.75,4.25,6.667
155,0,19,1,0,4,2,1,0,0,0,2,4,4,5,4,1,3,2,3,4,4,4,5,5,6,5,7,6,4,4,3,6,5,6,6,3,4,4,5,6,6,6,7,5,6,5,4.25,2.25,4.25,5.75,4.25,5.75,4.0,6.25,5.333
156,1,19,1,1,1,4,1,0,0,0,1,5,6,6,4,5,4,5,4,4,6,6,6,5,4,4,4,3,2,1,1,7,5,6,6,5,5,5,5,4,5,5,5,7,6,5,5.25,4.5,5.5,4.25,1.75,6.0,5.0,4.75,6.0
157,0,19,1,0,5,3,0,1,1,0,2,6,6,5,6,3,6,4,6,4,4,5,5,4,3,2,5,4,5,3,1,6,6,6,7,6,6,6,7,3,2,3,3,5,6,4,5.75,4.75,4.5,3.5,3.25,6.25,6.25,2.75,5.0
158,0,19,1,1,2,4,1,1,0,0,1,6,4,2,4,4,5,4,5,2,2,3,2,6,7,5,6,5,3,3,5,6,4,3,4,5,6,6,6,3,5,4,4,4,4,4,4.0,4.5,2.25,6.0,4.0,4.25,5.75,4.0,4.0
159,1,18,1,0,4,1,0,0,0,0,2,5,4,6,6,6,5,3,5,7,6,7,7,5,7,6,5,3,2,3,3,7,7,5,4,3,1,3,2,7,6,7,7,6,6,6,5.25,4.75,6.75,5.75,2.75,5.75,2.25,6.75,6.0
160,0,25,3,0,2,3,1,1,1,0,2,3,4,3,5,7,6,5,6,6,4,5,5,6,4,5,4,1,1,2,1,5,4,5,5,5,4,4,6,5,4,5,6,3,3,5,3.75,6.0,5.0,4.75,1.25,4.75,4.75,5.0,3.667
161,1,21,2,0,5,4,1,0,0,0,1,6,7,7,7,5,5,4,3,5,3,5,3,5,5,4,6,6,4,3,5,3,4,3,4,4,4,4,5,5,6,5,6,5,4,5,6.75,4.25,4.0,5.0,4.5,3.5,4.25,5.5,4.667
162,0,21,2,0,4,3,1,0,1,0,2,2,5,4,4,2,3,3,3,4,4,6,4,5,4,5,5,4,5,4,4,6,6,7,7,5,4,4,5,4,3,4,4,6,7,7,3.75,2.75,4.5,4.75,4.25,6.5,4.5,3.75,6.667
163,0,22,2,0,4,3,1,0,0,0,3,6,7,5,6,4,4,5,3,5,4,4,3,7,5,6,7,2,4,2,2,6,4,4,5,4,4,2,3,4,4,5,4,5,7,6,6.0,4.0,4.0,6.25,2.5,4.75,3.25,4.25,6.0
164,0,21,2,0,2,2,1,1,1,0,3,6,5,5,7,4,6,5,5,6,4,5,6,6,4,4,5,3,5,4,4,7,5,5,6,3,3,4,3,5,4,4,3,5,4,4,5.75,5.0,5.25,4.75,4.0,5.75,3.25,4.0,4.333
165,1,18,1,0,2,1,0,1,0,0,3,7,7,7,6,4,3,2,3,1,1,3,1,4,5,6,5,4,4,4,3,6,6,4,5,5,5,5,5,5,4,5,4,4,5,5,6.75,3.0,1.5,5.0,3.75,5.25,5.0,4.5,4.667
166,0,21,2,1,1,2,1,0,0,0,3,6,6,5,6,2,3,2,3,3,2,4,2,3,4,3,3,1,2,1,1,5,5,5,7,4,4,4,5,3,2,4,3,5,7,7,5.75,2.5,2.75,3.25,1.25,5.5,4.25,3.0,6.333
167,1,23,2,0,5,2,0,0,0,0,3,4,4,5,3,3,3,3,4,6,4,5,6,3,4,3,6,2,3,2,3,5,4,5,5,5,5,6,6,3,4,3,3,6,6,7,4.0,3.25,5.25,4.0,2.5,4.75,5.5,3.25,6.333
168,1,21,2,0,1,4,0,0,1,0,2,4,4,5,6,1,2,2,1,4,5,4,2,3,4,2,3,5,5,4,4,6,6,6,6,6,5,4,3,5,6,7,5,5,6,7,4.75,1.5,3.75,3.0,4.5,6.0,4.5,5.75,6.0
169,1,21,2,1,4,1,0,1,0,1,2,6,7,6,7,3,4,5,2,4,4,5,6,6,7,5,7,4,3,3,2,5,4,5,6,7,5,6,7,5,4,5,4,3,5,5,6.5,3.5,4.75,6.25,3.0,5.0,6.25,4.5,4.333
170,0,19,1,0,2,4,1,1,0,0,2,3,3,4,3,3,1,2,4,2,2,2,5,2,2,1,3,2,4,3,3,6,7,5,5,5,7,6,7,4,4,4,4,6,7,7,3.25,2.5,2.75,2.0,3.0,5.75,6.25,4.0,6.667
171,0,18,1,0,4,4,1,0,0,0,2,4,4,4,3,3,3,4,3,6,6,7,6,4,4,3,5,2,3,1,2,7,5,7,7,3,4,6,5,4,5,6,6,5,4,4,3.75,3.25,6.25,4.0,2.0,6.5,4.5,5.25,4.333
172,1,18,1,1,4,1,1,0,0,0,3,5,6,6,4,4,4,6,5,6,4,6,7,2,2,2,2,2,2,2,4,4,5,6,5,4,5,5,4,5,5,5,4,3,3,5,5.25,4.75,5.75,2.0,2.5,5.0,4.5,4.75,3.667
173,1,23,2,0,3,2,0,0,0,0,3,4,4,5,3,1,2,3,2,5,4,2,5,4,4,4,1,3,3,2,3,6,6,5,7,6,7,6,6,6,6,5,6,5,6,6,4.0,2.0,4.0,3.25,2.75,6.0,6.25,5.75,5.667
174,1,22,2,1,3,4,1,1,0,0,3,3,4,4,4,6,5,6,6,3,4,4,4,4,3,4,4,3,3,3,1,6,3,4,4,5,4,5,6,3,4,3,3,5,6,6,3.75,5.75,3.75,3.75,2.5,4.25,5.0,3.25,5.667
175,0,19,1,1,4,4,1,0,0,1,2,4,4,3,5,1,2,1,1,6,6,5,5,6,6,5,6,1,1,1,1,6,6,7,5,6,5,5,5,5,3,6,6,4,4,4,4.0,1.25,5.5,5.75,1.0,6.0,5.25,5.0,4.0
176,1,26,3,1,2,2,1,0,0,0,3,6,5,4,5,4,5,4,3,6,7,7,7,4,6,6,7,5,4,5,5,7,6,6,5,6,5,6,7,4,5,5,4,5,4,5,5.0,4.0,6.75,5.75,4.75,6.0,6.0,4.5,4.667
177,0,22,2,0,4,2,1,0,0,1,3,4,4,4,5,6,5,4,4,5,4,6,6,3,5,1,4,3,5,6,4,5,5,5,6,6,7,6,6,6,6,6,6,4,4,5,4.25,4.75,5.25,3.25,4.5,5.25,6.25,6.0,4.333
178,1,19,1,0,3,2,1,0,0,0,2,4,6,5,4,2,2,1,1,7,7,7,5,7,7,6,6,3,2,1,1,6,5,5,4,4,2,3,4,4,2,2,4,6,5,7,4.75,1.5,6.5,6.5,1.75,5.0,3.25,3.0,6.0
179,0,20,1,1,2,3,1,1,0,0,1,6,5,7,5,7,7,7,7,4,2,5,5,4,5,5,5,4,3,4,3,5,4,6,6,3,3,5,2,7,5,4,6,5,5,6,5.75,7.0,4.0,4.75,3.5,5.25,3.25,5.5,5.333
180,1,19,1,0,4,2,0,0,0,0,3,6,6,5,5,5,3,5,3,4,3,3,4,4,6,4,4,3,1,3,3,6,4,7,7,4,4,5,3,7,7,6,6,3,4,5,5.5,4.0,3.5,4.5,2.5,6.0,4.0,6.5,4.0
181,1,18,1,0,5,3,1,1,0,0,2,5,6,4,4,3,3,2,2,2,3,4,3,4,4,4,3,4,1,3,3,6,6,5,6,4,4,4,3,4,4,5,4,3,4,3,4.75,2.5,3.0,3.75,2.75,5.75,3.75,4.25,3.333
182,1,19,1,1,5,1,1,0,1,0,2,5,5,4,4,1,2,3,2,4,6,6,4,4,4,3,4,2,4,3,3,7,7,5,6,5,5,4,5,4,5,3,4,7,7,7,4.5,2.0,5.0,3.75,3.0,6.25,4.75,4.0,7.0
183,0,18,1,0,4,1,1,0,0,0,1,5,5,6,5,3,4,3,3,5,4,5,5,4,5,3,2,3,2,3,3,6,5,5,5,7,6,4,6,4,6,6,5,4,4,4,5.25,3.25,4.75,3.5,2.75,5.25,5.75,5.25,4.0
184,0,20,1,0,2,2,1,0,0,0,1,7,7,7,6,4,5,3,3,4,4,5,5,6,5,5,5,4,6,4,5,5,4,5,3,5,4,4,4,4,4,3,5,7,5,5,6.75,3.75,4.5,5.25,4.75,4.25,4.25,4.0,5.667
185,1,20,1,0,4,2,1,0,0,1,3,6,5,5,5,4,4,3,3,4,6,5,6,5,6,7,4,6,2,2,4,4,6,5,7,5,3,4,5,7,7,7,7,5,5,4,5.25,3.5,5.25,5.5,3.5,5.5,4.25,7.0,4.667
186,0,27,3,0,4,2,0,1,0,1,3,3,5,4,5,4,2,3,2,6,5,6,6,6,6,7,7,2,2,2,2,6,5,5,6,6,7,4,5,6,6,7,5,5,5,6,4.25,2.75,5.75,6.5,2.0,5.5,5.5,6.0,5.333
187,0,20,1,0,3,2,1,0,0,0,1,4,4,4,4,4,5,5,5,2,4,2,2,5,4,5,6,3,3,4,3,7,7,7,6,6,5,4,6,6,5,5,5,6,7,7,4.0,4.75,2.5,5.0,3.25,6.75,5.25,5.25,6.667
188,0,22,2,0,5,2,0,0,0,0,2,4,2,2,2,4,3,3,3,5,4,4,4,1,1,1,1,4,3,3,5,5,5,5,4,5,5,6,6,3,2,2,3,7,7,7,2.5,3.25,4.25,1.0,3.75,4.75,5.5,2.5,7.0
189,0,21,2,0,3,1,1,1,0,0,2,5,7,6,6,1,3,2,1,6,6,6,6,6,5,5,5,2,2,1,1,7,5,5,6,6,5,7,7,6,3,6,4,3,3,2,6.0,1.75,6.0,5.25,1.5,5.75,6.25,4.75,2.667
190,1,25,3,0,3,2,1,1,0,0,2,7,7,6,5,3,4,3,4,4,2,5,5,3,5,2,3,4,2,1,1,4,5,5,4,4,6,4,5,3,4,5,4,6,5,7,6.25,3.5,4.0,3.25,2.0,4.5,4.75,4.0,6.0
191,1,18,1,1,4,4,0,0,0,0,2,5,7,5,4,2,1,1,1,4,5,4,3,2,3,4,3,5,5,5,4,3,5,5,3,7,7,7,7,7,7,7,7,6,4,6,5.25,1.25,4.0,3.0,4.75,4.0,7.0,7.0,5.333
192,0,19,1,0,3,2,1,1,0,0,1,5,2,4,4,4,5,6,3,6,5,5,6,4,5,3,4,3,5,3,4,4,5,5,5,4,4,5,5,4,4,6,5,5,6,7,3.75,4.5,5.5,4.0,3.75,4.75,4.5,4.75,6.0
193,0,29,3,0,5,2,1,0,0,0,1,7,7,7,7,1,3,2,3,3,2,2,2,3,3,3,4,4,4,4,4,4,4,3,4,7,6,7,7,3,4,4,2,7,5,7,7.0,2.25,2.25,3.25,4.0,3.75,6.75,3.25,6.333
194,0,28,3,1,3,3,1,0,1,0,2,4,4,4,4,3,3,5,3,5,3,4,4,5,5,3,4,4,5,6,6,6,5,7,7,5,3,3,4,4,4,3,4,6,7,7,4.0,3.5,4.0,4.25,5.25,6.25,3.75,3.75,6.667
195,1,23,2,1,5,4,1,0,1,0,3,5,5,7,5,6,6,5,4,5,3,6,5,4,4,4,5,4,5,2,4,3,2,2,3,6,5,5,5,4,5,5,4,5,5,5,5.5,5.25,4.75,4.25,3.75,2.5,5.25,4.5,5.0
196,1,18,1,0,3,1,0,1,0,0,1,5,5,5,5,3,2,3,3,3,2,4,3,3,4,3,3,3,2,2,1,6,4,4,5,4,5,4,4,3,2,4,4,4,4,6,5.0,2.75,3.0,3.25,2.0,4.75,4.25,3.25,4.667
197,0,19,1,0,5,3,1,0,1,0,3,5,4,4,5,5,6,6,6,4,5,6,5,5,6,4,5,3,3,4,4,5,3,4,4,5,5,5,6,6,6,6,6,6,6,6,4.5,5.75,5.0,5.0,3.5,4.0,5.25,6.0,6.0
198,0,21,2,0,3,3,0,0,0,0,3,5,6,6,7,3,3,3,2,4,2,4,3,7,7,7,6,2,2,2,1,5,4,4,5,5,4,4,5,5,6,5,5,5,6,5,6.0,2.75,3.25,6.75,1.75,4.5,4.5,5.25,5.333
199,0,29,3,0,3,3,0,1,0,0,1,5,6,5,6,6,7,4,6,7,5,6,7,3,3,3,4,5,4,5,5,7,7,6,5,5,5,5,5,4,4,5,5,4,5,6,5.5,5.75,6.25,3.25,4.75,6.25,5.0,4.5,5.0
200,0,23,2,1,2,1,1,0,0,0,3,6,5,5,6,3,4,3,2,5,5,4,4,5,4,4,7,5,3,3,6,5,5,7,5,4,4,3,5,3,5,4,4,6,5,5,5.5,3.0,4.5,5.0,4.25,5.5,4.0,4.0,5.333
201,0,23,2,0,5,3,0,0,0,0,3,5,5,5,5,3,3,3,2,5,5,5,6,3,3,1,2,3,4,3,5,4,4,6,4,7,7,6,5,2,1,3,3,6,6,7,5.0,2.75,5.25,2.25,3.75,4.5,6.25,2.25,6.333
202,1,19,1,1,5,1,1,0,1,0,3,5,4,4,4,4,4,5,5,5,5,5,4,5,5,4,4,5,4,4,3,6,4,4,4,3,4,4,5,4,6,5,5,7,7,7,4.25,4.5,4.75,4.5,4.0,4.5,4.0,5.0,7.0
203,1,22,2,0,5,3,0,1,0,0,1,7,6,7,7,3,4,3,3,2,2,4,4,7,6,6,6,5,2,2,2,4,4,5,4,6,7,7,6,6,4,6,6,3,4,3,6.75,3.25,3.0,6.25,2.75,4.25,6.5,5.5,3.333
204,0,18,1,0,1,3,1,0,0,0,2,7,5,6,6,2,1,1,3,1,1,2,2,5,6,4,6,1,3,1,4,4,5,5,5,3,3,3,2,4,3,4,3,6,5,7,6.0,1.75,1.5,5.25,2.25,4.75,2.75,3.5,6.0
205,0,19,1,0,3,1,0,1,0,1,2,7,6,6,6,3,3,2,4,4,5,5,4,5,4,5,5,3,3,3,3,5,6,6,6,4,4,2,3,3,4,3,4,4,4,5,6.25,3.0,4.5,4.75,3.0,5.75,3.25,3.5,4.333
206,1,21,2,0,5,4,1,1,1,1,3,6,6,4,4,4,3,4,2,4,4,4,7,6,4,6,5,4,2,2,3,7,5,7,5,6,5,6,6,4,5,6,4,3,3,3,5.0,3.25,4.75,5.25,2.75,6.0,5.75,4.75,3.0
207,1,21,2,1,1,1,1,0,0,0,2,7,6,7,6,6,5,5,4,5,5,6,5,7,7,7,7,5,3,2,2,4,4,2,2,3,4,4,4,7,5,6,6,6,5,5,6.5,5.0,5.25,7.0,3.0,3.0,3.75,6.0,5.333
208,0,18,1,0,2,4,1,0,1,0,2,5,5,6,5,1,1,2,1,6,4,4,4,7,6,6,7,4,6,4,4,6,7,6,4,5,5,4,3,4,5,3,5,3,4,4,5.25,1.25,4.5,6.5,4.5,5.75,4.25,4.25,3.667
209,1,18,1,0,5,2,0,1,1,1,3,4,4,6,5,3,4,3,2,4,4,4,5,4,4,4,4,3,4,2,3,4,6,4,5,3,5,3,5,6,5,6,5,4,2,3,4.75,3.0,4.25,4.0,3.0,4.75,4.0,5.5,3.0
210,1,23,2,0,5,1,1,1,1,0,2,5,5,4,5,4,4,5,3,6,7,6,6,3,3,3,3,4,3,3,5,7,5,7,5,3,3,3,3,6,6,4,6,5,3,4,4.75,4.0,6.25,3.0,3.75,6.0,3.0,5.5,4.0
211,0,19,1,1,1,1,1,1,1,0,3,5,6,3,5,5,4,4,5,2,3,2,3,5,5,4,4,3,3,3,3,6,5,6,5,4,5,6,4,3,3,3,3,4,3,4,4.75,4.5,2.5,4.5,3.0,5.5,4.75,3.0,3.667
212,0,22,2,0,3,4,0,1,0,0,1,1,3,3,2,5,5,4,5,5,3,6,6,2,3,2,2,4,3,3,2,5,6,5,6,6,6,6,7,2,2,4,4,4,4,6,2.25,4.75,5.0,2.25,3.0,5.5,6.25,3.0,4.667
213,0,18,1,0,2,1,0,1,1,0,2,5,6,5,5,4,5,2,4,3,3,4,4,5,5,4,6,3,2,3,4,7,5,5,6,7,4,5,6,4,3,5,4,1,2,3,5.25,3.75,3.5,5.0,3.0,5.75,5.5,4.0,2.0
214,1,22,2,1,5,1,0,1,0,0,1,5,5,4,3,5,4,4,3,4,2,3,6,3,4,4,4,1,1,1,1,5,4,4,5,5,5,6,3,4,5,5,6,5,6,5,4.25,4.0,3.75,3.75,1.0,4.5,4.75,5.0,5.333
215,0,23,2,1,3,2,0,0,0,0,3,7,6,7,5,3,5,4,4,4,4,5,3,4,4,3,5,3,4,4,4,7,6,7,7,7,5,6,7,3,6,4,5,4,6,4,6.25,4.0,4.0,4.0,3.75,6.75,6.25,4.5,4.667
216,1,20,1,0,2,3,0,0,0,1,1,6,5,6,5,4,3,3,2,3,3,4,5,7,6,6,5,4,3,4,3,5,5,7,7,3,5,2,4,4,4,3,5,5,6,6,5.5,3.0,3.75,6.0,3.5,6.0,3.5,4.0,5.667
217,1,19,1,0,4,2,0,0,1,1,2,4,4,4,3,3,4,2,3,5,5,5,6,4,4,4,5,4,5,3,4,7,6,5,6,4,5,5,6,4,4,5,4,4,5,6,3.75,3.0,5.25,4.25,4.0,6.0,5.0,4.25,5.0
218,0,19,1,1,4,1,1,0,0,0,2,5,5,6,4,4,5,5,5,6,5,7,7,4,4,2,4,4,2,2,2,6,5,7,7,6,5,7,5,4,5,6,4,6,5,5,5.0,4.75,6.25,3.5,2.5,6.25,5.75,4.75,5.333
219,0,19,1,1,2,2,1,1,0,1,1,4,4,5,4,2,3,2,2,3,4,5,5,6,5,6,6,2,1,2,1,5,6,7,5,4,4,3,4,6,5,6,7,4,5,4,4.25,2.25,4.25,5.75,1.5,5.75,3.75,6.0,4.333
220,0,28,3,1,1,1,0,0,0,0,2,5,6,5,5,2,3,3,3,5,3,3,6,4,3,2,3,4,4,3,4,6,6,6,5,6,4,4,5,5,5,6,6,5,5,5,5.25,2.75,4.25,3.0,3.75,5.75,4.75,5.5,5.0
221,0,20,1,1,2,1,0,0,1,0,3,7,5,5,5,5,2,4,1,3,2,4,3,4,4,6,5,4,4,2,2,6,5,6,7,4,4,1,3,2,4,3,4,5,4,5,5.5,3.0,3.0,4.75,3.0,6.0,3.0,3.25,4.667
222,0,21,2,0,2,2,1,0,0,0,2,6,6,7,6,6,5,3,4,4,4,5,6,5,4,4,5,3,3,3,2,6,4,6,5,1,3,2,3,4,5,5,4,4,3,6,6.25,4.5,4.75,4.5,2.75,5.25,2.25,4.5,4.333
223,1,19,1,0,1,3,1,0,0,1,2,4,3,2,5,1,1,1,1,6,5,7,7,5,5,5,4,7,5,5,6,7,5,6,5,7,7,6,7,7,7,6,7,7,6,7,3.5,1.0,6.25,4.75,5.75,5.75,6.75,6.75,6.667
224,1,23,2,0,1,1,0,0,0,0,2,4,6,5,6,5,4,4,4,4,3,5,4,5,4,5,5,2,3,2,1,7,6,5,4,6,5,5,5,3,4,4,3,2,3,3,5.25,4.25,4.0,4.75,2.0,5.5,5.25,3.5,2.667
225,1,21,2,0,3,2,1,0,1,0,3,6,6,2,4,3,4,5,4,4,3,3,5,5,5,4,5,6,6,5,5,4,5,5,6,6,6,7,6,2,2,3,3,5,3,4,4.5,4.0,3.75,4.75,5.5,5.0,6.25,2.5,4.0
226,1,22,2,1,3,2,1,1,0,0,2,5,5,5,6,2,2,1,1,2,4,5,4,4,4,5,5,3,4,4,3,7,6,7,6,3,6,5,4,4,3,4,3,4,4,4,5.25,1.5,3.75,4.5,3.5,6.5,4.5,3.5,4.0
227,0,21,2,0,1,4,1,0,1,1,3,5,6,5,6,5,6,5,3,4,4,3,3,4,3,4,5,2,1,1,1,6,5,6,5,3,4,5,3,4,5,5,5,7,6,5,5.5,4.75,3.5,4.0,1.25,5.5,3.75,4.75,6.0
228,1,23,2,0,4,4,1,0,1,0,2,6,6,5,6,4,4,4,3,1,1,1,1,4,5,4,5,4,3,3,3,5,7,5,4,4,4,6,5,5,7,5,6,4,3,5,5.75,3.75,1.0,4.5,3.25,5.25,4.75,5.75,4.0
229,0,19,1,0,4,3,1,0,0,0,2,6,6,4,5,5,4,4,4,5,5,5,5,5,5,4,4,5,4,3,4,6,6,6,6,5,6,5,3,5,4,5,6,5,5,6,5.25,4.25,5.0,4.5,4.0,6.0,4.75,5.0,5.333
230,0,27,3,0,2,1,1,0,1,0,2,6,5,4,6,1,1,1,1,3,3,4,4,6,5,5,6,3,2,2,1,7,7,7,7,6,5,5,4,3,2,4,2,5,6,5,5.25,1.0,3.5,5.5,2.0,7.0,5.0,2.75,5.333
231,0,22,2,1,5,1,1,1,1,0,3,7,5,7,5,7,4,5,6,3,1,3,1,4,3,3,4,1,2,1,1,5,4,4,3,6,5,5,5,2,2,5,3,1,3,2,6.0,5.5,2.0,3.5,1.25,4.0,5.25,3.0,2.0
232,1,28,3,0,2,2,0,1,1,1,2,5,5,6,5,3,2,3,3,7,7,5,6,5,4,6,5,4,3,4,2,4,3,5,4,4,4,3,3,4,3,4,3,3,3,3,5.25,2.75,6.25,5.0,3.25,4.0,3.5,3.5,3.0
233,0,18,1,1,2,2,1,0,0,1,3,4,5,4,5,4,5,3,5,2,3,3,4,5,3,4,4,3,3,2,2,4,5,3,4,5,5,5,5,4,6,6,6,6,5,5,4.5,4.25,3.0,4.0,2.5,4.0,5.0,5.5,5.333
234,1,23,2,0,5,2,0,0,0,0,3,4,4,5,3,4,5,5,4,4,4,3,3,3,5,4,5,4,3,5,4,6,4,4,5,5,4,5,4,3,4,4,3,6,5,7,4.0,4.5,3.5,4.25,4.0,4.75,4.5,3.5,6.0
235,1,25,3,1,1,3,0,0,0,0,1,4,4,4,4,4,3,2,1,6,6,6,6,5,4,5,6,5,3,4,4,6,6,6,4,3,7,7,7,3,2,5,4,4,5,5,4.0,2.5,6.0,5.0,4.0,5.5,6.0,3.5,4.667
236,0,18,1,1,4,4,1,1,0,0,1,7,5,5,4,3,4,4,5,3,3,4,3,3,3,4,4,2,2,1,1,5,5,3,5,4,4,5,6,4,3,3,4,5,6,5,5.25,4.0,3.25,3.5,1.5,4.5,4.75,3.5,5.333
237,1,18,1,0,2,4,0,1,1,0,2,5,7,6,5,2,3,5,3,3,2,3,3,5,6,4,4,3,2,3,3,6,6,5,4,5,7,6,7,5,4,5,6,5,3,6,5.75,3.25,2.75,4.75,2.75,5.25,6.25,5.0,4.667
238,1,22,2,1,5,2,1,0,0,1,2,6,5,4,5,1,1,1,1,4,4,6,6,6,5,6,5,4,3,4,4,6,6,4,6,3,3,3,3,5,4,5,3,3,3,2,5.0,1.0,5.0,5.5,3.75,5.5,3.0,4.25,2.667
239,0,22,2,0,3,3,0,0,0,0,1,5,5,5,4,5,5,5,5,5,6,7,5,4,4,4,3,3,3,1,1,5,4,3,4,5,4,5,5,5,5,7,6,4,5,5,4.75,5.0,5.75,3.75,2.0,4.0,4.75,5.75,4.667
240,1,22,2,1,2,2,1,0,1,0,1,5,5,5,3,3,2,3,3,2,1,2,2,5,5,5,4,4,2,3,3,6,5,5,6,5,5,4,6,7,6,6,6,2,4,5,4.5,2.75,1.75,4.75,3.0,5.5,5.0,6.25,3.667
241,0,19,1,0,4,1,0,0,0,0,3,4,4,4,4,3,3,1,2,6,3,5,6,4,5,5,4,2,3,2,1,6,6,6,6,4,7,5,5,3,4,5,5,3,5,5,4.0,2.25,5.0,4.5,2.0,6.0,5.25,4.25,4.333
242,0,22,2,0,1,3,1,0,0,0,1,5,6,4,4,3,5,4,2,5,3,7,5,7,5,6,5,4,3,3,2,6,5,7,6,3,4,5,3,3,2,4,4,5,6,6,4.75,3.5,5.0,5.75,3.0,6.0,3.75,3.25,5.667
243,0,20,1,0,2,1,1,1,1,0,2,4,3,3,4,3,4,2,3,3,2,3,2,5,5,6,7,4,3,3,5,4,5,6,7,7,5,7,7,4,3,2,4,5,5,5,3.5,3.0,2.5,5.75,3.75,5.5,6.5,3.25,5.0
244,1,18,1,1,2,2,1,0,1,0,2,7,6,5,6,5,4,3,4,5,4,4,7,5,5,5,6,3,2,3,2,7,4,6,5,6,5,5,5,3,4,4,2,6,4,4,6.0,4.0,5.0,5.25,2.5,5.5,5.25,3.25,4.667
245,1,18,1,1,5,2,0,0,1,0,3,5,3,4,4,4,4,4,4,5,5,6,6,3,2,4,3,5,4,3,2,4,6,6,4,4,3,4,3,3,5,5,3,3,3,4,4.0,4.0,5.5,3.0,3.5,5.0,3.5,4.0,3.333
246,0,21,2,1,3,3,0,0,1,0,2,6,6,5,5,1,2,2,3,3,3,4,5,7,7,7,7,5,4,5,5,4,5,4,5,4,6,4,3,3,5,5,5,6,6,6,5.5,2.0,3.75,7.0,4.75,4.5,4.25,4.5,6.0
247,1,22,2,1,3,3,1,0,0,0,3,3,4,3,5,4,3,3,2,6,4,7,7,3,3,3,4,3,2,1,2,4,5,5,3,5,4,4,4,5,6,4,6,6,6,6,3.75,3.0,6.0,3.25,2.0,4.25,4.25,5.25,6.0
248,0,21,2,0,1,2,0,0,0,0,3,5,5,7,6,3,4,3,2,5,5,5,6,6,5,5,6,1,1,1,1,4,4,4,4,7,6,7,6,5,4,5,5,4,3,4,5.75,3.0,5.25,5.5,1.0,4.0,6.5,4.75,3.667
249,0,20,1,0,4,3,1,1,0,1,3,6,6,7,5,6,6,6,7,6,4,4,5,6,5,4,5,3,4,4,4,5,5,5,3,6,6,6,5,3,4,4,4,2,3,3,6.0,6.25,4.75,5.0,3.75,4.5,5.75,3.75,2.667
250,0,25,3,0,1,2,0,0,0,0,1,6,4,5,6,4,3,3,3,3,2,3,4,5,4,4,3,4,2,2,3,6,6,6,7,3,5,6,6,5,6,3,5,7,7,7,5.25,3.25,3.0,4.0,2.75,6.25,5.0,4.75,7.0
251,1,20,1,0,2,2,1,1,1,0,1,3,3,4,4,6,5,4,5,3,2,3,4,5,5,4,4,2,3,1,2,6,7,5,5,5,4,5,3,4,3,3,3,3,4,4,3.5,5.0,3.0,4.5,2.0,5.75,4.25,3.25,3.667
252,1,22,2,0,2,3,0,0,0,0,3,5,4,7,6,4,4,4,4,5,4,5,5,5,6,4,7,5,4,4,4,6,5,6,5,5,5,7,6,7,7,5,7,5,6,7,5.5,4.0,4.75,5.5,4.25,5.5,5.75,6.5,6.0
253,0,21,2,0,3,3,1,1,0,0,1,4,4,4,4,4,2,3,3,5,4,4,4,6,5,4,5,3,3,3,3,3,3,4,3,6,7,7,7,4,2,3,4,7,6,7,4.0,3.0,4.25,5.0,3.0,3.25,6.75,3.25,6.667
254,1,19,1,1,4,4,1,1,0,0,1,4,5,4,6,2,6,4,3,4,5,4,4,4,4,4,4,1,1,1,1,7,7,7,6,1,1,2,1,3,4,3,3,6,6,5,4.75,3.75,4.25,4.0,1.0,6.75,1.25,3.25,5.667
255,1,21,2,0,5,1,1,0,0,1,2,6,6,5,5,4,4,3,1,1,1,1,1,4,5,4,6,2,2,2,3,5,4,4,5,7,6,6,7,4,6,5,5,4,3,5,5.5,3.0,1.0,4.75,2.25,4.5,6.5,5.0,4.0
256,0,18,1,0,4,3,1,1,0,0,3,5,6,6,6,4,4,5,3,5,5,7,7,2,1,1,2,7,6,7,6,4,4,4,5,5,4,4,5,5,5,6,3,3,4,4,5.75,4.0,6.0,1.5,6.5,4.25,4.5,4.75,3.667
257,0,22,2,0,2,3,1,0,0,0,2,5,5,6,6,7,6,5,5,5,5,6,5,6,6,7,7,3,3,3,4,5,4,4,4,3,4,2,4,3,3,4,3,2,3,3,5.5,5.75,5.25,6.5,3.25,4.25,3.25,3.25,2.667
258,0,22,2,1,5,4,1,0,0,0,1,4,5,3,2,4,3,5,2,5,2,4,6,4,3,3,3,4,3,5,4,7,7,7,7,7,6,6,6,4,6,5,5,6,5,7,3.5,3.5,4.25,3.25,4.0,7.0,6.25,5.0,6.0
259,0,18,1,0,4,1,0,1,1,0,2,4,6,6,6,5,5,6,5,5,5,5,6,4,7,7,4,6,5,4,4,6,5,5,6,7,7,6,7,3,4,2,4,7,7,7,5.5,5.25,5.25,5.5,4.75,5.5,6.75,3.25,7.0
260,1,28,3,0,4,3,1,0,1,0,2,7,5,5,5,3,1,2,3,5,6,7,7,6,4,4,4,4,4,4,3,4,4,5,6,6,5,5,3,4,4,4,4,5,3,5,5.5,2.25,6.25,4.5,3.75,4.75,4.75,4.0,4.333
261,0,19,1,0,5,3,1,0,1,1,2,4,4,2,3,4,3,3,3,1,1,2,1,5,5,4,4,5,3,5,5,5,5,4,4,6,6,7,5,4,4,6,5,3,6,6,3.25,3.25,1.25,4.5,4.5,4.5,6.0,4.75,5.0
262,0,21,2,0,2,2,1,0,0,1,2,5,7,4,7,3,2,3,3,4,4,5,6,6,6,4,4,4,5,3,4,7,5,6,5,6,7,7,7,6,4,5,5,6,7,5,5.75,2.75,4.75,5.0,4.0,5.75,6.75,5.0,6.0
263,1,25,3,1,4,2,1,1,0,0,2,5,4,5,6,3,4,4,5,3,3,2,2,7,6,7,6,5,2,4,3,6,4,3,6,4,3,4,5,4,5,6,4,4,4,5,5.0,4.0,2.5,6.5,3.5,4.75,4.0,4.75,4.333
264,1,21,2,0,5,2,1,1,0,0,3,7,7,7,6,3,4,3,4,6,4,4,6,5,7,4,6,4,3,5,3,6,6,4,4,3,2,2,2,5,5,5,4,6,4,6,6.75,3.5,5.0,5.5,3.75,5.0,2.25,4.75,5.333
265,0,20,1,1,2,3,1,1,0,0,3,5,6,3,4,5,4,3,5,5,5,4,4,6,6,4,5,4,2,3,3,7,7,5,4,6,7,6,5,5,5,3,4,5,5,5,4.5,4.25,4.5,5.25,3.0,5.75,6.0,4.25,5.0
266,0,28,3,0,5,4,1,1,0,1,1,1,2,2,1,3,3,2,2,5,5,5,5,6,5,5,5,3,3,2,3,7,5,5,5,6,4,4,4,6,4,5,4,3,5,5,1.5,2.5,5.0,5.25,2.75,5.5,4.5,4.75,4.333
267,0,21,2,1,5,3,1,1,0,0,1,6,5,5,5,4,3,5,3,3,3,3,3,5,6,4,7,3,3,4,4,6,4,5,4,3,3,3,4,3,3,5,5,5,5,5,5.25,3.75,3.0,5.5,3.5,4.75,3.25,4.0,5.0
268,0,19,1,0,4,3,1,0,1,0,3,5,5,5,6,3,5,5,4,2,3,2,2,3,5,4,4,1,1,2,1,5,5,2,4,4,6,5,5,7,7,7,6,7,5,7,5.25,4.25,2.25,4.0,1.25,4.0,5.0,6.75,6.333
269,1,20,1,0,2,2,1,0,1,0,1,2,4,3,3,1,1,1,1,5,3,4,6,7,7,7,6,4,2,1,2,4,5,6,5,5,7,6,5,5,4,7,6,6,6,7,3.0,1.0,4.5,6.75,2.25,5.0,5.75,5.5,6.333
270,1,23,2,1,4,1,1,0,0,1,2,5,5,3,4,6,7,5,7,5,5,4,6,6,7,6,5,4,2,4,2,5,6,5,5,4,3,5,5,2,4,4,4,6,7,6,4.25,6.25,5.0,6.0,3.0,5.25,4.25,3.5,6.333
271,0,21,2,0,1,1,1,0,0,1,2,7,7,7,7,3,2,4,3,4,5,5,6,5,5,6,5,2,2,1,3,7,7,5,6,4,5,3,3,4,2,5,5,3,4,4,7.0,3.0,5.0,5.25,2.0,6.25,3.75,4.0,3.667
272,0,23,2,1,1,2,0,1,0,0,2,7,5,5,5,1,1,1,1,2,2,4,1,3,6,4,4,3,3,2,2,4,5,5,4,4,4,4,5,4,5,5,4,6,7,7,5.5,1.0,2.25,4.25,2.5,4.5,4.25,4.5,6.667
273,0,24,3,0,2,2,1,1,1,0,1,5,4,5,6,4,3,4,5,5,5,6,5,4,4,5,6,3,4,4,3,5,5,6,4,5,5,4,5,7,6,6,6,6,7,6,5.0,4.0,5.25,4.75,3.5,5.0,4.75,6.25,6.333
274,0,21,2,0,5,1,0,1,1,0,1,5,4,5,5,1,4,3,3,3,3,5,4,4,5,6,4,4,3,3,3,6,7,7,7,1,4,1,2,6,4,5,6,2,3,4,4.75,2.75,3.75,4.75,3.25,6.75,2.0,5.25,3.0
275,1,18,1,0,4,2,1,1,0,1,3,3,2,3,4,3,4,5,2,5,2,5,5,3,2,3,2,5,4,3,5,6,5,7,5,4,4,5,4,3,4,4,5,6,7,6,3.0,3.5,4.25,2.5,4.25,5.75,4.25,4.0,6.333
276,1,20,1,1,4,2,0,0,1,0,1,6,5,5,5,4,5,4,5,4,4,4,5,6,7,7,7,4,4,3,3,5,5,5,5,3,3,4,3,3,3,4,3,4,4,3,5.25,4.5,4.25,6.75,3.5,5.0,3.25,3.25,3.667
277,0,20,1,0,2,2,0,0,1,0,3,4,3,3,4,5,4,5,4,4,4,6,5,4,4,4,5,4,4,4,4,7,7,7,7,6,5,6,6,3,4,3,4,3,4,2,3.5,4.5,4.75,4.25,4.0,7.0,5.75,3.5,3.0
278,0,23,2,0,2,2,1,1,0,0,2,4,4,5,6,3,2,4,4,6,5,6,6,4,4,5,4,4,4,3,6,4,7,5,5,2,3,3,3,5,5,6,5,5,5,6,4.75,3.25,5.75,4.25,4.25,5.25,2.75,5.25,5.333
279,0,18,1,1,1,1,0,1,1,0,2,4,6,4,6,4,4,4,3,2,3,3,3,4,5,3,4,5,5,4,4,4,1,5,2,6,6,5,6,7,5,7,7,6,7,5,5.0,3.75,2.75,4.0,4.5,3.0,5.75,6.5,6.0
280,0,22,2,0,3,4,1,0,0,0,2,5,5,5,5,5,4,2,3,5,3,4,3,3,4,2,4,3,3,3,3,7,4,6,7,4,5,5,5,6,5,4,5,6,6,6,5.0,3.5,3.75,3.25,3.0,6.0,4.75,5.0,6.0
281,0,22,2,1,2,4,1,0,1,1,3,4,3,7,4,7,7,4,6,4,3,2,4,4,5,1,3,3,4,2,3,4,3,6,4,5,5,5,2,3,3,4,3,5,5,5,4.5,6.0,3.25,3.25,3.0,4.25,4.25,3.25,5.0
282,1,24,3,0,3,3,0,1,1,0,1,4,4,4,2,3,2,1,1,7,6,7,7,6,4,5,5,4,3,5,4,6,7,5,5,5,5,5,6,4,3,4,4,5,4,5,3.5,1.75,6.75,5.0,4.0,5.75,5.25,3.75,4.667
283,1,18,1,1,2,1,0,0,0,0,3,6,5,5,6,4,3,4,4,3,3,4,4,6,7,5,5,5,4,5,6,4,4,3,3,4,4,5,5,2,3,3,5,7,7,7,5.5,3.75,3.5,5.75,5.0,3.5,4.5,3.25,7.0
284,1,23,2,0,5,3,1,0,0,0,3,4,3,1,2,4,4,3,3,7,6,7,7,4,5,5,6,6,6,4,5,5,4,5,4,5,6,5,5,5,4,5,3,3,3,4,2.5,3.5,6.75,5.0,5.25,4.5,5.25,4.25,3.333
285,0,20,1,0,5,3,1,1,0,0,2,4,2,4,1,5,5,4,5,7,6,7,7,6,7,5,6,4,4,3,3,5,5,6,4,2,4,4,3,4,3,4,5,5,6,7,2.75,4.75,6.75,6.0,3.5,5.0,3.25,4.0,6.0
286,1,21,2,1,1,3,1,1,0,0,2,6,7,5,4,3,4,3,3,5,4,5,4,5,5,5,5,5,4,4,5,6,6,4,4,4,4,4,4,6,5,7,4,6,6,6,5.5,3.25,4.5,5.0,4.5,5.0,4.0,5.5,6.0
287,1,19,1,1,1,1,1,0,1,1,1,5,4,5,5,2,1,2,1,3,3,4,3,5,5,4,5,6,6,5,4,6,4,5,4,6,6,4,5,5,5,5,5,4,5,4,4.75,1.5,3.25,4.75,5.25,4.75,5.25,5.0,4.333
288,0,20,1,1,3,3,0,0,0,0,2,6,7,5,5,3,4,4,4,3,4,4,4,5,6,7,7,4,1,2,3,6,6,6,6,2,2,4,3,7,5,4,5,6,5,5,5.75,3.75,3.75,6.25,2.5,6.0,2.75,5.25,5.333
289,1,22,2,0,2,4,1,0,1,1,3,3,3,5,5,5,5,4,4,6,5,3,4,6,5,7,6,3,2,3,3,5,5,5,4,2,5,3,4,6,4,5,5,4,3,5,4.0,4.5,4.5,6.0,2.75,4.75,3.5,5.0,4.0
290,0,20,1,1,4,3,1,1,0,1,1,5,5,5,5,5,6,4,5,2,2,3,3,6,5,6,6,3,5,3,3,7,6,5,6,5,6,5,6,1,4,3,2,4,5,5,5.0,5.0,2.5,5.75,3.5,6.0,5.5,2.5,4.667
291,1,18,1,0,1,3,1,0,0,0,2,6,4,5,4,3,3,2,2,5,4,5,3,4,4,5,5,4,4,5,4,4,4,4,4,5,5,6,5,3,4,3,4,5,6,7,4.75,2.5,4.25,4.5,4.25,4.0,5.25,3.5,6.0
292,1,21,2,1,4,2,1,0,0,0,3,4,3,3,4,6,5,6,6,5,5,6,6,2,3,3,3,4,4,4,5,4,5,5,4,4,6,5,7,4,6,3,4,3,2,4,3.5,5.75,5.5,2.75,4.25,4.5,5.5,4.25,3.0
293,0,21,2,1,4,2,1,0,0,0,2,3,4,4,4,7,7,6,6,3,4,4,4,3,4,3,2,4,4,2,3,6,6,5,5,5,5,3,6,4,5,5,5,5,7,5,3.75,6.5,3.75,3.0,3.25,5.5,4.75,4.75,5.667
294,1,23,2,0,2,1,0,1,1,0,2,5,6,6,6,2,2,3,4,4,4,3,4,5,4,5,7,2,2,1,1,5,5,5,5,3,4,5,5,5,6,4,5,3,5,4,5.75,2.75,3.75,5.25,1.5,5.0,4.25,5.0,4.0
295,1,21,2,1,3,3,0,0,1,0,2,7,5,6,6,3,1,4,1,3,2,2,3,4,6,3,4,5,2,3,5,4,3,5,2,6,4,6,6,3,4,5,5,4,2,2,6.0,2.25,2.5,4.25,3.75,3.5,5.5,4.25,2.667
296,1,22,2,0,2,1,0,0,0,0,2,5,5,5,5,4,4,2,4,3,3,5,5,5,5,4,5,2,2,3,3,6,4,5,6,4,6,4,5,5,6,4,6,4,2,5,5.0,3.5,4.0,4.75,2.5,5.25,4.75,5.25,3.667
297,0,19,1,0,1,2,1,0,0,0,1,6,4,6,6,4,4,4,3,5,4,5,7,6,7,5,6,2,3,1,1,6,6,6,5,3,2,3,3,5,5,5,4,7,7,7,5.5,3.75,5.25,6.0,1.75,5.75,2.75,4.75,7.0
298,1,19,1,0,4,2,0,0,0,0,1,4,3,3,3,4,5,6,5,3,3,3,5,5,6,5,6,1,1,2,1,5,5,4,5,3,3,3,3,3,4,3,4,2,3,1,3.25,5.0,3.5,5.5,1.25,4.75,3.0,3.5,2.0
299,0,20,1,0,2,2,0,0,1,0,2,6,6,5,6,3,3,3,3,4,4,5,3,7,7,6,7,4,3,3,4,6,5,5,2,7,7,6,7,6,6,6,5,6,5,7,5.75,3.0,4.0,6.75,3.5,4.5,6.75,5.75,6.0
300,1,26,3,0,2,1,0,0,0,0,3,5,3,5,5,6,6,6,5,3,5,4,4,5,5,5,5,6,5,5,5,5,4,5,6,4,5,5,5,6,5,6,6,3,4,4,4.5,5.75,4.0,5.0,5.25,5.0,4.75,5.75,3.667
301,1,21,2,1,2,3,1,0,1,0,1,5,6,5,5,2,1,1,2,4,5,5,5,2,4,3,2,3,4,4,4,5,5,5,5,6,6,7,6,4,4,5,5,5,5,4,5.25,1.5,4.75,2.75,3.75,5.0,6.25,4.5,4.667
302,0,20,1,1,1,3,1,1,0,0,2,5,5,4,3,1,2,1,2,4,6,3,4,4,5,4,4,4,2,4,4,5,6,6,5,3,3,4,5,3,7,5,5,6,4,7,4.25,1.5,4.25,4.25,3.5,5.5,3.75,5.0,5.667
303,0,21,2,1,3,1,1,0,0,0,2,7,7,6,5,6,6,5,4,4,4,4,5,3,3,2,4,4,2,3,5,2,3,1,3,3,5,5,4,5,5,4,5,5,6,5,6.25,5.25,4.25,3.0,3.5,2.25,4.25,4.75,5.333
304,0,28,3,0,2,1,1,1,0,1,2,5,3,4,3,1,1,1,1,4,5,6,4,7,6,6,7,1,2,1,2,5,4,5,2,5,5,2,4,6,4,7,5,4,4,5,3.75,1.0,4.75,6.5,1.5,4.0,4.0,5.5,4.333
305,0,19,1,1,1,1,1,0,1,0,1,6,7,6,6,3,4,4,2,5,4,6,6,6,5,5,6,5,5,5,3,4,4,4,4,6,7,6,7,4,4,2,4,3,4,3,6.25,3.25,5.25,5.5,4.5,4.0,6.5,3.5,3.333
306,0,23,2,0,4,4,1,1,0,1,2,6,3,4,4,7,7,7,7,4,5,5,4,4,6,4,5,5,3,3,3,6,4,6,6,5,4,5,6,6,5,5,7,6,6,5,4.25,7.0,4.5,4.75,3.5,5.5,5.0,5.75,5.667
307,1,22,2,0,5,2,1,1,0,0,3,5,5,4,5,4,3,3,3,5,3,5,6,7,7,6,5,3,3,3,4,5,7,5,5,5,5,5,6,2,3,5,4,6,6,7,4.75,3.25,4.75,6.25,3.25,5.5,5.25,3.5,6.333
308,1,22,2,0,1,2,0,1,0,0,2,4,4,5,4,1,3,3,3,5,6,7,5,2,2,1,3,4,2,2,4,6,6,7,5,3,3,2,2,5,6,5,4,5,4,6,4.25,2.5,5.75,2.0,3.0,6.0,2.5,5.0,5.0
309,0,20,1,0,5,1,1,1,0,0,1,4,6,4,4,3,3,3,3,5,4,5,5,7,7,4,4,3,3,3,2,6,4,6,5,6,7,7,7,6,7,7,5,6,6,7,4.5,3.0,4.75,5.5,2.75,5.25,6.75,6.25,6.333
310,1,24,3,1,2,3,1,0,0,0,3,4,5,5,4,4,3,4,4,6,4,6,5,3,4,1,3,3,3,4,3,6,5,4,4,3,4,4,5,5,7,5,6,5,4,5,4.5,3.75,5.25,2.75,3.25,4.75,4.0,5.75,4.667
311,1,24,3,0,2,4,0,0,0,0,1,5,5,6,5,5,6,4,4,4,4,6,5,4,4,4,4,4,5,5,6,5,7,7,7,6,6,6,7,3,2,3,2,3,4,5,5.25,4.75,4.75,4.0,5.0,6.5,6.25,2.5,4.0
312,1,22,2,0,1,3,0,0,0,0,2,6,6,6,5,5,5,5,4,1,3,3,2,3,5,3,5,4,3,6,4,7,7,6,7,7,7,5,6,4,3,4,2,5,5,4,5.75,4.75,2.25,4.0,4.25,6.75,6.25,3.25,4.667
313,1,22,2,1,5,3,0,1,1,0,2,5,5,5,5,2,2,3,1,6,6,6,6,6,5,5,6,3,2,3,3,5,3,4,4,4,5,5,5,4,5,5,4,6,6,6,5.0,2.0,6.0,5.5,2.75,4.0,4.75,4.5,6.0
314,0,25,3,1,2,1,0,1,1,0,3,6,5,5,6,7,6,4,5,5,5,5,6,5,5,4,5,1,2,1,2,5,5,6,6,5,5,5,6,7,7,7,7,6,6,5,5.5,5.5,5.25,4.75,1.5,5.5,5.25,7.0,5.667
315,0,22,2,0,4,1,1,1,0,1,3,6,5,5,6,4,4,3,3,3,4,5,5,6,5,6,7,1,3,1,2,6,4,4,4,4,4,4,3,5,5,5,7,6,7,5,5.5,3.5,4.25,6.0,1.75,4.5,3.75,5.5,6.0
316,0,18,1,0,3,1,0,1,1,1,1,4,4,4,3,4,6,4,5,4,4,5,5,5,3,3,3,4,5,4,4,5,7,6,6,4,3,4,3,5,6,5,6,5,4,5,3.75,4.75,4.5,3.5,4.25,6.0,3.5,5.5,4.667
317,1,23,2,0,3,2,1,0,0,0,3,5,6,7,7,3,3,1,3,2,4,5,4,5,6,6,6,3,1,2,4,7,6,6,6,7,6,6,6,1,2,1,1,6,6,7,6.25,2.5,3.75,5.75,2.5,6.25,6.25,1.25,6.333
318,1,21,2,0,2,1,1,1,0,0,1,4,4,3,4,7,7,6,4,4,4,5,6,5,6,5,4,3,2,2,2,7,6,7,7,3,5,5,5,4,6,4,5,4,4,5,3.75,6.0,4.75,5.0,2.25,6.75,4.5,4.75,4.333
319,1,22,2,0,5,2,1,1,0,0,2,6,7,5,6,4,2,4,3,4,2,3,4,4,4,1,4,5,5,6,5,7,5,7,6,4,5,5,5,6,4,5,5,5,4,5,6.0,3.25,3.25,3.25,5.25,6.25,4.75,5.0,4.667
320,1,22,2,0,2,2,1,1,0,0,3,6,4,7,7,4,4,4,4,5,6,5,6,4,3,2,4,2,1,2,1,5,5,5,5,7,5,5,7,5,4,4,5,3,5,3,6.0,4.0,5.5,3.25,1.5,5.0,6.0,4.5,3.667
321,0,24,3,0,5,4,1,1,0,1,3,3,3,3,4,4,2,1,1,4,5,4,5,3,6,4,5,6,3,5,4,5,6,5,5,5,4,5,6,1,4,5,4,5,5,5,3.25,2.0,4.5,4.5,4.5,5.25,5.0,3.5,5.0
322,0,24,3,1,4,3,1,0,0,1,2,4,6,5,5,1,2,3,2,3,3,5,4,6,7,5,6,4,2,2,3,7,5,6,5,3,4,3,1,6,4,4,4,6,7,7,5.0,2.0,3.75,6.0,2.75,5.75,2.75,4.5,6.667
323,0,21,2,0,5,4,0,0,1,0,1,6,5,3,4,4,4,6,5,3,2,2,3,4,5,2,6,2,1,1,1,6,7,7,6,3,4,4,4,3,4,3,3,6,7,7,4.5,4.75,2.5,4.25,1.25,6.5,3.75,3.25,6.667
324,1,20,1,0,2,3,1,1,0,1,2,5,2,5,4,2,3,3,3,5,4,5,5,5,4,4,3,4,3,4,3,6,5,5,5,5,5,4,4,6,7,7,7,7,7,7,4.0,2.75,4.75,4.0,3.5,5.25,4.5,6.75,7.0
325,0,29,3,0,4,1,1,1,1,0,2,7,5,6,7,3,4,3,2,4,6,5,4,4,5,5,4,2,1,2,2,3,4,4,5,4,4,4,5,5,6,6,7,6,7,5,6.25,3.0,4.75,4.5,1.75,4.0,4.25,6.0,6.0
326,0,21,2,0,1,3,0,0,0,0,2,4,5,3,5,3,4,3,3,4,4,6,3,7,7,7,7,4,4,4,3,3,3,4,3,5,5,4,3,4,6,5,5,5,5,5,4.25,3.25,4.25,7.0,3.75,3.25,4.25,5.0,5.0
327,0,19,1,0,3,2,1,1,0,0,2,4,4,4,5,6,5,5,4,3,3,3,3,6,7,4,4,3,2,3,2,6,7,7,6,7,6,6,6,4,6,4,4,4,6,5,4.25,5.0,3.0,5.25,2.5,6.5,6.25,4.5,5.0
328,0,28,3,0,2,3,1,1,0,1,2,5,6,5,7,3,3,3,3,3,2,2,3,4,5,4,5,1,1,1,1,5,6,5,5,6,6,6,6,3,5,4,5,5,4,5,5.75,3.0,2.5,4.5,1.0,5.25,6.0,4.25,4.667
329,1,27,3,0,2,2,0,0,1,1,1,6,5,5,6,3,3,3,4,4,4,4,5,5,4,4,5,3,3,2,3,5,5,5,5,4,5,5,5,3,5,6,5,5,7,6,5.5,3.25,4.25,4.5,2.75,5.0,4.75,4.75,6.0
330,1,23,2,0,2,4,1,0,0,1,2,4,5,4,3,4,4,4,2,6,5,5,5,6,6,5,5,1,1,1,1,7,7,6,6,5,3,6,5,5,7,5,5,5,5,6,4.0,3.5,5.25,5.5,1.0,6.5,4.75,5.5,5.333
331,1,23,2,0,4,2,1,0,0,0,2,6,6,7,5,1,2,3,1,3,2,3,1,5,3,3,3,5,3,3,3,5,4,5,4,6,5,5,7,6,7,7,6,4,3,5,6.0,1.75,2.25,3.5,3.5,4.5,5.75,6.5,4.0
332,0,18,1,1,1,2,0,0,1,0,3,5,6,6,7,1,2,1,3,6,6,6,7,6,5,6,6,1,1,2,2,6,5,5,6,6,5,5,6,5,6,5,6,7,5,6,6.0,1.75,6.25,5.75,1.5,5.5,5.5,5.5,6.0
333,1,19,1,0,5,4,1,0,1,0,1,3,3,1,3,6,5,4,4,3,3,4,5,5,4,3,2,4,1,2,3,6,6,4,4,3,5,4,2,6,5,7,6,7,7,7,2.5,4.75,3.75,3.5,2.5,5.0,3.5,6.0,7.0
334,1,19,1,1,1,1,1,0,1,0,3,6,4,5,5,3,4,2,2,5,4,6,6,5,5,6,5,4,3,3,3,6,5,4,5,7,7,7,7,5,6,7,6,3,4,4,5.0,2.75,5.25,5.25,3.25,5.0,7.0,6.0,3.667
335,1,22,2,1,4,3,0,0,0,0,3,4,6,4,4,5,5,6,4,5,4,3,5,5,4,5,6,4,2,3,4,7,5,4,4,5,5,5,6,4,5,6,6,7,7,5,4.5,5.0,4.25,5.0,3.25,5.0,5.25,5.25,6.333
336,1,18,1,0,2,3,0,0,1,1,2,5,4,6,4,5,4,4,6,3,3,4,3,5,5,4,5,3,4,4,4,7,7,6,6,5,6,5,7,6,5,6,6,4,3,5,4.75,4.75,3.25,4.75,3.75,6.5,5.75,5.75,4.0
337,0,19,1,0,3,4,1,1,0,0,2,2,2,2,4,5,4,3,3,5,5,7,6,5,4,4,4,4,4,3,5,6,4,5,5,6,7,7,6,4,5,4,5,1,3,2,2.5,3.75,5.75,4.25,4.0,5.0,6.5,4.5,2.0
338,0,18,1,0,2,4,1,0,0,0,2,7,7,7,7,6,6,6,6,3,4,4,3,4,4,4,4,3,3,1,2,7,7,7,5,4,7,6,5,6,4,5,6,5,5,5,7.0,6.0,3.5,4.0,2.25,6.5,5.5,5.25,5.0
339,1,21,2,0,5,4,1,0,0,0,2,5,7,5,6,3,5,5,3,5,3,3,4,6,6,6,6,4,3,3,3,5,5,6,5,3,3,3,3,4,5,5,6,5,5,5,5.75,4.0,3.75,6.0,3.25,5.25,3.0,5.0,5.0
340,1,24,3,0,3,1,1,0,1,0,1,6,6,6,4,5,4,5,4,6,7,6,6,5,5,4,3,1,1,1,1,7,5,6,6,2,4,5,5,4,4,3,4,6,5,4,5.5,4.5,6.25,4.25,1.0,6.0,4.0,3.75,5.0
341,1,18,1,0,2,3,1,0,0,0,3,6,6,5,6,3,4,3,2,3,1,1,2,3,5,4,4,3,2,4,4,7,7,6,6,4,3,1,4,4,3,5,5,7,7,7,5.75,3.0,1.75,4.0,3.25,6.5,3.0,4.25,7.0
342,1,19,1,0,3,3,1,0,0,0,1,7,7,7,7,6,6,7,6,3,4,3,1,5,5,4,3,3,2,2,2,5,6,6,5,6,5,6,5,4,4,2,4,4,6,7,7.0,6.25,2.75,4.25,2.25,5.5,5.5,3.5,5.667
343,1,23,2,1,1,3,0,1,0,0,2,5,7,7,6,7,6,7,5,4,4,4,4,6,6,7,6,1,5,1,2,6,6,6,6,4,5,4,2,3,2,4,3,4,5,5,6.25,6.25,4.0,6.25,2.25,6.0,3.75,3.0,4.667
344,1,21,2,1,4,1,1,0,0,0,2,6,5,6,6,4,5,3,4,4,4,5,6,5,5,5,5,4,3,3,2,7,5,7,5,4,5,5,6,4,4,3,3,6,4,7,5.75,4.0,4.75,5.0,3.0,6.0,5.0,3.5,5.667
345,1,19,1,1,2,3,1,1,0,0,2,5,4,7,5,5,4,4,3,5,4,4,6,3,4,5,4,6,5,5,5,5,5,5,4,4,6,6,5,5,3,4,3,3,2,5,5.25,4.0,4.75,4.0,5.25,4.75,5.25,3.75,3.333
346,0,21,2,0,5,4,1,1,0,0,3,6,5,4,4,7,6,5,5,4,2,2,4,7,7,6,6,4,3,2,2,7,5,7,5,4,5,5,6,2,3,4,4,6,6,6,4.75,5.75,3.0,6.5,2.75,6.0,5.0,3.25,6.0
347,0,19,1,1,1,4,0,1,0,0,2,4,5,5,3,4,4,2,4,7,6,7,7,6,6,6,6,3,1,2,3,6,5,6,4,5,6,4,3,5,6,5,7,6,6,5,4.25,3.5,6.75,6.0,2.25,5.25,4.5,5.75,5.667
348,1,20,1,1,2,2,1,0,0,0,2,3,5,4,5,3,2,2,3,5,3,5,5,5,5,5,4,3,2,4,3,6,4,6,6,5,5,6,5,3,3,5,5,5,6,5,4.25,2.5,4.5,4.75,3.0,5.5,5.25,4.0,5.333
349,1,23,2,1,1,1,1,1,1,1,3,3,5,5,4,5,6,5,5,3,4,4,4,7,6,6,6,1,2,1,2,4,4,3,5,3,2,3,3,3,5,6,4,5,3,4,4.25,5.25,3.75,6.25,1.5,4.0,2.75,4.5,4.0
350,0,21,2,0,5,2,0,0,1,0,2,4,5,3,4,3,4,4,3,4,4,3,3,6,5,4,6,4,1,1,2,6,6,6,6,4,5,5,5,4,6,5,4,4,2,3,4.0,3.5,3.5,5.25,2.0,6.0,4.75,4.75,3.0
351,1,27,3,1,2,3,1,0,1,0,1,6,4,5,6,4,3,4,4,5,4,5,3,4,3,3,4,3,5,4,5,6,6,5,6,3,1,2,2,7,5,7,7,4,5,3,5.25,3.75,4.25,3.5,4.25,5.75,2.0,6.5,4.0
352,0,18,1,0,5,3,1,1,0,0,2,4,2,4,4,3,2,3,3,5,5,7,7,5,7,4,5,3,3,4,2,6,6,5,6,4,3,3,4,3,5,4,6,5,4,7,3.5,2.75,6.0,5.25,3.0,5.75,3.5,4.5,5.333
353,0,23,2,1,3,2,1,0,0,0,1,5,6,5,4,1,1,2,2,5,6,7,7,4,4,3,4,1,2,2,2,6,5,4,5,6,5,6,5,4,6,5,4,5,5,5,5.0,1.5,6.25,3.75,1.75,5.0,5.5,4.75,5.0
354,1,22,2,0,5,1,1,0,0,1,2,6,4,4,4,6,4,3,2,5,1,2,3,5,5,4,5,1,1,1,1,4,4,4,2,5,4,6,5,3,4,5,4,5,6,5,4.5,3.75,2.75,4.75,1.0,3.5,5.0,4.0,5.333
355,1,20,1,1,3,2,1,1,0,0,3,5,4,5,6,4,6,4,5,3,2,3,4,4,6,6,5,4,4,4,4,6,5,5,5,3,5,5,4,5,6,6,7,4,6,5,5.0,4.75,3.0,5.25,4.0,5.25,4.25,6.0,5.0
356,0,21,2,1,2,2,1,0,0,1,3,5,6,5,5,2,3,3,4,4,3,7,5,5,5,4,4,5,4,4,3,6,5,4,5,4,5,5,5,6,5,7,5,5,5,5,5.25,3.0,4.75,4.5,4.0,5.0,4.75,5.75,5.0
357,1,19,1,0,3,4,1,1,0,0,2,7,7,7,7,7,6,6,5,5,4,7,5,2,4,4,4,1,2,2,1,5,5,4,6,3,4,3,2,6,4,6,6,3,4,2,7.0,6.0,5.25,3.5,1.5,5.0,3.0,5.5,3.0
358,0,24,3,1,2,3,1,0,0,0,3,6,6,6,6,3,3,3,2,6,2,5,5,6,5,4,4,4,4,3,4,6,4,5,5,5,5,6,5,4,6,6,6,6,6,7,6.0,2.75,4.5,4.75,3.75,5.0,5.25,5.5,6.333
359,0,20,1,1,2,2,0,0,0,0,3,2,4,5,5,2,2,2,1,4,4,4,6,3,4,1,3,3,3,3,4,3,5,5,3,7,7,7,7,4,5,4,5,5,3,5,4.0,1.75,4.5,2.75,3.25,4.0,7.0,4.5,4.333
360,0,21,2,1,4,2,0,0,1,0,1,5,6,4,5,4,5,3,2,3,2,4,2,3,4,2,3,6,5,6,5,7,5,6,6,6,7,7,7,5,4,4,4,3,3,3,5.0,3.5,2.75,3.0,5.5,6.0,6.75,4.25,3.0
361,1,20,1,1,2,1,0,0,1,0,1,4,3,4,3,5,3,6,4,7,6,6,5,5,6,6,6,3,5,3,4,5,6,6,6,5,4,4,5,5,5,7,7,5,5,4,3.5,4.5,6.0,5.75,3.75,5.75,4.5,6.0,4.667
362,0,29,3,1,3,4,0,1,1,0,2,4,4,4,3,5,6,5,6,5,5,6,6,5,6,6,6,2,4,2,5,7,5,5,6,5,5,6,5,3,4,4,5,6,6,6,3.75,5.5,5.5,5.75,3.25,5.75,5.25,4.0,6.0
363,1,22,2,1,4,2,1,1,0,0,3,4,3,3,4,5,1,3,2,2,2,4,3,6,4,4,3,1,2,1,1,6,5,5,4,4,3,3,4,5,4,5,4,3,3,5,3.5,2.75,2.75,4.25,1.25,5.0,3.5,4.5,3.667
364,0,22,2,0,4,2,0,0,0,0,3,5,6,5,4,4,5,5,5,3,1,4,4,5,2,6,6,5,5,6,5,6,5,4,5,4,5,4,4,6,6,6,6,6,4,7,5.0,4.75,3.0,4.75,5.25,5.0,4.25,6.0,5.667
365,0,19,1,0,2,2,1,0,0,0,3,4,4,5,3,7,6,6,6,3,3,2,3,6,5,5,6,4,2,2,2,6,5,4,4,4,5,5,5,5,5,4,5,6,6,7,4.0,6.25,2.75,5.5,2.5,4.75,4.75,4.75,6.333
366,1,22,2,0,5,3,0,0,1,0,2,5,7,6,5,5,4,3,2,6,5,5,4,5,5,6,4,3,1,3,3,5,5,6,6,4,5,5,3,3,4,3,4,7,7,7,5.75,3.5,5.0,5.0,2.5,5.5,4.25,3.5,7.0
367,0,19,1,1,5,3,0,0,0,1,1,7,5,6,6,6,6,5,4,4,3,4,2,4,4,3,3,3,2,3,1,6,6,7,5,6,5,5,7,7,4,6,7,5,4,6,6.0,5.25,3.25,3.5,2.25,6.0,5.75,6.0,5.0
368,0,28,3,0,4,3,0,0,0,0,2,6,5,6,6,2,5,1,2,4,5,5,5,5,3,4,3,6,4,4,5,6,5,4,4,6,7,7,6,4,5,5,5,5,4,5,5.75,2.5,4.75,3.75,4.75,4.75,6.5,4.75,4.667
369,1,18,1,0,2,2,0,0,1,0,3,4,4,3,4,5,5,4,4,5,5,5,5,3,4,2,2,6,6,5,5,5,4,5,5,4,6,5,5,5,6,6,5,2,5,4,3.75,4.5,5.0,2.75,5.5,4.75,5.0,5.5,3.667
370,1,20,1,1,5,2,1,1,0,0,2,7,5,5,5,5,5,4,6,4,4,5,5,5,5,3,6,4,3,3,4,6,4,5,6,4,4,5,4,5,5,4,5,6,7,7,5.5,5.0,4.5,4.75,3.5,5.25,4.25,4.75,6.667
371,1,18,1,0,2,1,1,0,0,1,2,5,7,5,4,5,4,5,3,5,4,5,5,7,5,5,5,5,5,4,4,6,4,4,5,4,3,3,2,4,3,3,5,5,3,3,5.25,4.25,4.75,5.5,4.5,4.75,3.0,3.75,3.667
372,1,23,2,1,2,3,1,0,0,0,2,4,4,4,4,4,2,3,4,3,2,3,1,3,4,2,4,3,3,2,3,5,4,4,3,5,6,6,7,5,4,5,5,5,5,4,4.0,3.25,2.25,3.25,2.75,4.0,6.0,4.75,4.667
373,1,23,2,1,4,1,1,1,0,0,2,3,3,4,3,1,1,1,1,5,6,2,6,4,6,6,4,4,1,2,2,7,7,7,7,4,3,4,4,6,6,6,5,4,1,3,3.25,1.0,4.75,5.0,2.25,7.0,3.75,5.75,2.667
374,0,20,1,0,4,3,1,0,1,1,2,7,7,7,7,2,3,2,3,5,3,3,3,4,3,3,4,4,5,5,4,5,5,5,5,4,5,5,4,4,5,4,3,6,5,7,7.0,2.5,3.5,3.5,4.5,5.0,4.5,4.0,6.0
375,1,22,2,0,1,4,1,0,1,0,3,6,4,5,7,3,5,2,2,5,4,5,3,5,5,3,6,4,1,2,3,7,7,6,7,6,5,6,6,5,6,5,5,6,7,6,5.5,3.0,4.25,4.75,2.5,6.75,5.75,5.25,6.333
376,1,23,2,0,5,4,0,0,0,0,3,6,6,7,4,2,3,3,2,3,4,4,3,6,6,5,6,4,5,6,4,7,7,7,7,7,6,6,6,3,5,4,6,5,6,6,5.75,2.5,3.5,5.75,4.75,7.0,6.25,4.5,5.667
377,0,21,2,0,5,2,1,1,0,0,1,6,4,3,4,4,4,4,3,4,3,4,3,4,5,3,3,5,4,4,5,7,6,6,6,5,4,5,5,7,5,7,6,2,3,3,4.25,3.75,3.5,3.75,4.5,6.25,4.75,6.25,2.667
378,1,23,2,0,5,2,0,1,0,0,3,2,4,3,3,4,4,4,1,4,4,4,5,6,3,3,6,6,4,4,3,5,5,6,5,5,5,5,4,4,4,5,5,6,5,7,3.0,3.25,4.25,4.5,4.25,5.25,4.75,4.5,6.0
379,0,19,1,1,3,1,0,0,0,0,3,5,4,7,4,3,3,4,2,3,3,4,3,5,5,5,5,5,4,4,5,4,5,5,5,5,3,2,4,4,5,5,5,3,2,4,5.0,3.0,3.25,5.0,4.5,4.75,3.5,4.75,3.0
380,1,23,2,1,2,3,0,0,0,1,3,5,4,4,6,5,2,2,2,4,4,5,3,5,7,5,6,6,6,4,6,4,4,4,4,4,2,3,3,7,7,7,7,5,3,5,4.75,2.75,4.0,5.75,5.5,4.0,3.0,7.0,4.333
381,1,19,1,0,4,3,0,1,0,0,3,4,4,3,3,3,1,3,2,5,3,5,5,4,6,4,4,4,3,3,2,6,4,6,7,5,4,4,4,7,5,6,7,6,5,7,3.5,2.25,4.5,4.5,3.0,5.75,4.25,6.25,6.0
382,0,19,1,0,5,1,1,1,0,0,2,5,4,5,5,5,5,5,4,3,2,1,2,6,4,4,5,2,2,3,3,6,5,6,5,2,3,3,3,6,7,6,7,6,6,5,4.75,4.75,2.0,4.75,2.5,5.5,2.75,6.5,5.667
383,0,21,2,0,1,2,0,0,0,0,1,3,2,1,6,3,3,1,3,2,4,4,5,7,6,5,6,3,1,1,1,7,3,4,5,6,6,5,6,5,5,5,4,6,6,7,3.0,2.5,3.75,6.0,1.5,4.75,5.75,4.75,6.333
384,0,25,3,0,5,4,0,0,0,0,2,5,5,4,4,3,3,3,3,4,3,5,6,4,5,4,6,6,7,7,5,4,5,5,3,5,6,6,5,6,5,5,4,6,4,5,4.5,3.0,4.5,4.75,6.25,4.25,5.5,5.0,5.0
385,0,20,1,0,2,4,1,0,0,0,2,7,6,7,7,3,2,4,4,3,1,3,3,5,4,5,4,3,2,3,3,4,3,3,3,5,5,5,5,5,4,4,5,2,1,3,6.75,3.25,2.5,4.5,2.75,3.25,5.0,4.5,2.0
386,0,18,1,0,2,1,1,0,0,0,2,6,7,4,6,5,4,4,4,3,6,5,7,5,4,4,6,4,5,3,3,6,7,6,6,4,3,4,4,5,4,5,4,6,5,6,5.75,4.25,5.25,4.75,3.75,6.25,3.75,4.5,5.667
387,1,22,2,1,4,3,0,1,0,1,2,6,5,3,4,4,5,5,4,7,4,6,7,5,4,4,4,2,2,2,4,5,5,6,6,2,2,4,4,4,6,5,4,4,4,6,4.5,4.5,6.0,4.25,2.5,5.5,3.0,4.75,4.667
388,1,21,2,0,3,1,1,0,1,0,1,3,3,3,3,1,1,1,1,3,2,4,3,6,5,3,5,5,7,7,4,7,6,4,6,4,3,4,6,4,3,5,4,4,3,5,3.0,1.0,3.0,4.75,5.75,5.75,4.25,4.0,4.0
389,0,18,1,0,4,1,1,1,0,0,1,3,4,5,4,4,5,4,4,7,6,5,7,7,7,6,7,2,2,1,3,4,4,3,5,3,5,7,5,4,5,6,4,4,3,4,4.0,4.25,6.25,6.75,2.0,4.0,5.0,4.75,3.667
390,0,20,1,0,5,4,0,1,0,0,3,3,4,5,4,5,6,6,5,4,4,6,4,6,6,5,5,2,1,2,2,5,3,4,2,6,4,6,3,6,6,6,5,6,6,7,4.0,5.5,4.5,5.5,1.75,3.5,4.75,5.75,6.333
391,0,23,2,1,1,3,1,0,1,0,1,5,4,5,5,3,2,2,1,3,4,5,3,3,2,2,2,3,3,2,4,7,6,5,6,4,4,4,6,5,4,4,5,6,7,7,4.75,2.0,3.75,2.25,3.0,6.0,4.5,4.5,6.667
392,1,23,2,0,4,3,1,0,0,1,2,6,6,6,6,4,2,3,2,4,3,4,3,5,3,5,4,5,3,3,3,6,6,4,5,7,7,6,7,4,3,4,4,6,5,5,6.0,2.75,3.5,4.25,3.5,5.25,6.75,3.75,5.333
393,1,19,1,1,3,1,0,0,0,0,1,5,5,5,5,2,3,3,2,6,7,6,5,2,4,3,2,3,4,5,3,7,7,7,6,6,7,5,5,2,3,4,3,4,4,5,5.0,2.5,6.0,2.75,3.75,6.75,5.75,3.0,4.333
394,0,20,1,1,4,4,1,0,1,0,2,4,4,5,5,3,2,4,3,5,6,4,5,4,6,4,5,4,3,3,1,4,5,5,7,7,7,7,7,3,4,2,3,2,2,2,4.5,3.0,5.0,4.75,2.75,5.25,7.0,3.0,2.0
395,1,18,1,1,2,2,1,1,0,0,1,4,4,5,5,4,4,5,3,3,2,3,3,2,4,2,4,5,4,5,2,7,4,6,3,6,6,7,6,4,5,6,5,5,6,5,4.5,4.0,2.75,3.0,4.0,5.0,6.25,5.0,5.333
396,0,22,2,0,5,2,1,1,1,0,2,5,4,2,4,1,1,1,1,3,3,3,3,3,4,3,2,4,3,4,2,7,5,5,6,6,5,7,6,3,3,6,4,5,6,6,3.75,1.0,3.0,3.0,3.25,5.75,6.0,4.0,5.667
397,0,20,1,0,5,2,1,1,1,0,3,5,4,4,3,2,1,1,2,2,3,4,2,3,4,4,2,3,2,2,3,6,5,6,7,4,4,3,4,4,4,4,5,3,4,5,4.0,1.5,2.75,3.25,2.5,6.0,3.75,4.25,4.0
398,1,20,1,1,5,1,0,1,0,1,2,7,5,6,7,5,6,6,6,4,4,5,4,5,5,6,5,3,2,3,1,7,6,6,5,5,6,6,5,4,2,3,4,6,7,7,6.25,5.75,4.25,5.25,2.25,6.0,5.5,3.25,6.667
399,0,21,2,1,5,3,1,1,0,0,1,4,7,6,4,2,3,2,4,6,4,6,6,5,5,4,5,6,4,5,7,5,5,4,5,3,5,3,4,5,2,6,4,6,7,7,5.25,2.75,5.5,4.75,5.5,4.75,3.75,4.25,6.667
400,0,19,1,0,5,3,1,1,1,1,1,6,5,5,6,5,5,5,6,4,5,5,6,5,5,5,5,4,4,3,4,6,5,7,6,2,2,3,1,6,5,7,6,5,6,7,5.5,5.25,5.0,5.0,3.75,6.0,2.0,6.0,6.0
401,1,21,2,1,5,1,1,0,0,0,3,3,3,4,4,4,3,5,3,3,4,5,4,5,6,5,4,1,1,1,1,7,5,7,4,6,6,7,6,6,4,4,3,5,5,6,3.5,3.75,4.0,5.0,1.0,5.75,6.25,4.25,5.333
402,0,20,1,1,1,1,1,0,0,0,2,5,4,6,5,1,1,1,1,2,2,4,4,2,4,3,2,2,4,3,2,5,4,4,5,6,5,5,4,5,5,5,5,4,5,6,5.0,1.0,3.0,2.75,2.75,4.5,5.0,5.0,5.0
403,1,19,1,0,3,1,0,0,1,1,2,7,7,6,6,5,6,4,4,2,3,4,4,5,7,6,5,3,3,4,2,4,5,5,4,5,3,3,3,6,5,5,6,6,6,6,6.5,4.75,3.25,5.75,3.0,4.5,3.5,5.5,6.0
404,0,18,1,0,5,1,0,0,1,0,3,5,4,5,4,5,4,4,3,6,6,6,6,7,7,5,7,5,5,5,5,6,7,7,7,4,4,4,5,4,4,4,3,5,4,5,4.5,4.0,6.0,6.5,5.0,6.75,4.25,3.75,4.667
405,1,21,2,1,3,3,1,1,0,0,2,6,7,7,5,5,3,3,3,5,3,4,5,5,6,5,5,4,3,5,4,7,4,4,4,4,2,5,3,4,5,7,5,7,6,6,6.25,3.5,4.25,5.25,4.0,4.75,3.5,5.25,6.333
406,0,21,2,1,5,4,1,1,0,0,3,6,7,6,7,3,4,5,3,4,3,5,4,4,5,3,5,2,2,3,2,6,6,5,5,4,3,5,4,3,5,3,2,6,3,4,6.5,3.75,4.0,4.25,2.25,5.5,4.0,3.25,4.333
407,1,22,2,1,4,1,1,0,0,0,1,6,7,7,7,5,3,3,3,2,3,4,4,2,3,4,2,6,6,6,5,5,6,5,6,4,5,5,5,5,3,4,4,7,6,7,6.75,3.5,3.25,2.75,5.75,5.5,4.75,4.0,6.667
408,1,19,1,0,5,1,1,0,0,0,2,6,5,5,5,4,5,5,3,5,4,6,6,4,4,4,5,5,2,2,3,3,2,5,4,7,7,5,6,3,3,4,5,5,7,6,5.25,4.25,5.25,4.25,3.0,3.5,6.25,3.75,6.0
409,0,22,2,0,2,3,0,1,0,0,1,6,4,7,6,5,7,6,3,5,3,5,4,6,7,5,5,4,5,4,5,7,7,6,7,5,4,6,3,4,6,5,4,4,3,6,5.75,5.25,4.25,5.75,4.5,6.75,4.5,4.75,4.333
410,1,20,1,0,1,3,1,0,1,0,3,7,7,5,7,4,4,3,3,5,6,6,5,6,6,7,6,3,1,1,2,2,3,4,4,6,7,7,5,4,4,5,5,5,6,4,6.5,3.5,5.5,6.25,1.75,3.25,6.25,4.5,5.0
411,1,19,1,1,4,2,1,0,0,1,3,5,7,5,5,2,4,2,2,5,6,6,5,6,5,6,5,1,1,1,1,3,4,3,3,6,6,5,6,4,4,5,4,4,4,5,5.5,2.5,5.5,5.5,1.0,3.25,5.75,4.25,4.333
412,0,26,3,0,4,2,1,0,0,0,3,4,5,4,6,3,3,4,4,4,2,4,5,6,4,5,5,3,2,1,2,6,5,6,7,5,5,5,5,3,4,2,3,7,7,7,4.75,3.5,3.75,5.0,2.0,6.0,5.0,3.0,7.0
413,0,18,1,1,2,3,0,1,0,0,3,4,3,5,5,7,7,7,7,5,4,4,5,6,5,7,6,1,1,1,1,5,6,6,7,5,5,6,4,5,6,5,6,7,6,6,4.25,7.0,4.5,6.0,1.0,6.0,5.0,5.5,6.333
414,0,18,1,0,5,2,0,0,1,0,3,6,5,6,5,4,5,4,5,3,2,4,5,5,5,5,6,5,7,4,6,5,5,5,4,6,5,5,6,7,5,6,6,5,6,6,5.5,4.5,3.5,5.25,5.5,4.75,5.5,6.0,5.667
415,0,18,1,0,1,1,1,0,1,0,3,3,4,4,3,6,7,6,5,2,2,3,2,5,3,3,6,2,4,4,3,7,5,5,5,5,6,7,7,4,4,5,4,6,6,7,3.5,6.0,2.25,4.25,3.25,5.5,6.25,4.25,6.333
416,1,20,1,0,4,3,0,0,0,1,2,5,4,4,6,6,7,6,4,4,3,2,4,4,4,5,5,3,2,2,3,4,3,3,3,6,5,5,4,3,4,5,5,7,6,6,4.75,5.75,3.25,4.5,2.5,3.25,5.0,4.25,6.333
417,1,20,1,0,1,3,1,0,0,1,3,6,4,7,5,5,5,5,2,5,4,5,4,3,2,3,4,4,1,5,4,6,6,7,6,3,2,3,2,3,4,6,5,6,5,7,5.5,4.25,4.5,3.0,3.5,6.25,2.5,4.5,6.0
418,1,23,2,0,4,3,1,0,1,0,2,1,3,3,2,5,4,3,3,5,3,3,5,6,4,4,6,3,4,4,4,6,5,6,7,5,4,7,6,6,4,3,4,7,6,7,2.25,3.75,4.0,5.0,3.75,6.0,5.5,4.25,6.667
419,0,22,2,1,5,3,0,0,0,0,2,6,6,5,7,3,2,2,3,4,3,7,6,3,6,6,6,3,3,5,3,5,5,5,4,6,5,6,6,3,3,4,3,6,5,4,6.0,2.5,5.0,5.25,3.5,4.75,5.75,3.25,5.0
420,0,25,3,0,4,3,0,1,1,1,1,5,7,6,6,2,1,2,1,5,4,5,5,7,5,6,7,5,5,5,4,7,5,5,5,4,4,4,4,4,3,3,3,6,5,7,6.0,1.5,4.75,6.25,4.75,5.5,4.0,3.25,6.0
421,0,23,2,1,4,1,0,0,0,0,1,5,5,3,4,5,4,4,4,6,6,5,6,4,4,1,4,4,3,3,3,5,5,7,5,6,4,4,6,5,6,6,6,6,7,6,4.25,4.25,5.75,3.25,3.25,5.5,5.0,5.75,6.333
422,0,18,1,0,3,2,1,0,0,0,2,5,6,5,6,6,6,5,5,4,2,5,4,5,6,5,6,2,2,1,2,6,4,5,5,3,5,4,4,5,5,5,4,7,6,6,5.5,5.5,3.75,5.5,1.75,5.0,4.0,4.75,6.333
423,1,18,1,1,5,1,1,0,0,0,2,6,5,4,6,3,3,3,2,5,4,6,5,6,7,5,7,5,5,3,4,4,4,3,5,3,4,4,4,7,6,7,5,3,3,4,5.25,2.75,5.0,6.25,4.25,4.0,3.75,6.25,3.333
424,1,19,1,1,2,1,0,1,0,0,3,6,6,7,7,4,4,3,3,1,2,2,2,6,6,6,4,4,4,2,3,7,7,6,7,3,5,4,3,4,5,4,3,2,2,1,6.5,3.5,1.75,5.5,3.25,6.75,3.75,4.0,1.667
425,1,21,2,0,2,3,1,1,0,1,1,6,5,6,7,5,3,3,6,1,1,1,1,5,6,6,4,3,3,2,4,7,6,5,6,1,2,3,3,4,3,4,5,5,5,4,6.0,4.25,1.0,5.25,3.0,6.0,2.25,4.0,4.667
426,0,19,1,1,5,4,1,0,0,0,3,4,3,2,2,2,2,2,2,4,3,5,5,5,6,6,7,7,4,5,6,4,3,4,4,5,6,6,6,3,4,5,3,1,3,1,2.75,2.0,4.25,6.0,5.5,3.75,5.75,3.75,1.667
427,1,22,2,0,2,4,1,0,0,0,3,7,7,6,6,3,3,3,4,2,2,3,1,6,6,6,6,2,3,2,2,6,4,5,5,1,2,3,3,6,5,5,4,5,4,5,6.5,3.25,2.0,6.0,2.25,5.0,2.25,5.0,4.667
428,0,21,2,0,5,3,0,0,0,0,3,5,5,4,5,3,2,2,2,4,4,4,3,4,4,4,2,3,1,2,1,6,4,5,5,5,4,5,4,4,4,5,4,4,5,4,4.75,2.25,3.75,3.5,1.75,5.0,4.5,4.25,4.333
429,1,23,2,1,2,1,1,0,0,0,3,5,5,5,5,3,2,2,2,4,3,3,5,4,4,2,2,4,3,4,3,5,7,6,7,3,5,3,4,4,5,5,4,4,5,4,5.0,2.25,3.75,3.0,3.5,6.25,3.75,4.5,4.333
430,1,21,2,1,3,1,1,0,1,0,3,3,5,3,5,2,2,1,1,7,6,6,7,5,5,5,6,3,2,2,2,2,3,2,4,4,3,2,4,4,5,7,5,5,5,5,4.0,1.5,6.5,5.25,2.25,2.75,3.25,5.25,5.0
431,1,20,1,0,2,3,0,0,1,0,1,6,7,6,7,3,4,2,2,5,4,5,5,1,3,3,3,3,5,3,4,5,4,5,5,3,2,3,2,4,5,4,4,5,6,7,6.5,2.75,4.75,2.5,3.75,4.75,2.5,4.25,6.0
432,0,25,3,1,4,3,1,0,0,1,3,6,7,6,6,5,6,6,4,4,4,5,5,6,7,5,6,3,2,2,1,4,3,4,3,4,5,6,6,5,6,6,4,5,4,5,6.25,5.25,4.5,6.0,2.0,3.5,5.25,5.25,4.667
433,0,21,2,0,5,3,1,0,0,0,2,4,4,5,3,3,3,3,1,6,6,5,6,6,6,7,6,2,3,2,2,4,5,4,5,2,3,2,4,5,7,6,7,6,6,7,4.0,2.5,5.75,6.25,2.25,4.5,2.75,6.25,6.333
434,1,18,1,0,1,3,1,0,0,0,3,3,3,5,4,4,4,5,4,5,4,6,5,5,4,3,4,5,6,5,5,6,5,6,5,6,4,6,7,6,6,6,6,4,6,6,3.75,4.25,5.0,4.0,5.25,5.5,5.75,6.0,5.333
435,1,29,3,0,1,3,1,1,1,1,3,5,5,4,4,3,4,2,2,3,3,4,4,4,4,3,5,1,2,4,3,6,4,5,5,3,5,4,5,5,5,5,5,2,1,2,4.5,2.75,3.5,4.0,2.5,5.0,4.25,5.0,1.667
436,0,23,2,0,5,4,1,0,0,0,1,5,6,6,6,5,5,4,4,5,7,6,5,4,5,4,4,4,1,2,2,5,5,5,5,3,6,5,5,6,6,6,6,5,6,6,5.75,4.5,5.75,4.25,2.25,5.0,4.75,6.0,5.667
437,1,24,3,0,3,1,1,0,0,1,3,5,6,5,6,5,5,6,4,3,3,4,1,5,6,5,4,5,3,6,4,4,4,5,5,5,5,4,5,6,6,7,7,3,3,3,5.5,5.0,2.75,5.0,4.5,4.5,4.75,6.5,3.0
438,0,22,2,0,2,3,0,1,0,0,1,7,5,6,6,4,5,5,4,5,2,5,4,6,5,5,6,2,2,3,1,6,6,6,5,6,4,6,5,5,5,5,6,6,5,6,6.0,4.5,4.0,5.5,2.0,5.75,5.25,5.25,5.667
439,0,21,2,1,3,4,1,1,0,0,2,6,6,6,5,5,4,4,5,2,3,3,3,5,5,4,5,2,3,2,2,4,6,5,5,5,5,5,5,4,3,3,3,3,1,1,5.75,4.5,2.75,4.75,2.25,5.0,5.0,3.25,1.667
440,1,18,1,1,1,2,0,1,0,0,3,6,5,6,7,3,3,2,3,4,5,5,6,3,4,4,4,4,4,3,4,6,5,5,6,5,5,4,4,4,5,5,4,4,6,5,6.0,2.75,5.0,3.75,3.75,5.5,4.5,4.5,5.0
441,1,18,1,0,5,3,1,1,0,0,1,5,5,4,5,4,3,1,1,6,5,6,5,7,6,5,6,5,3,4,3,5,4,6,4,6,5,6,6,5,5,6,4,6,7,6,4.75,2.25,5.5,6.0,3.75,4.75,5.75,5.0,6.333
442,0,21,2,0,5,2,1,1,0,0,3,3,4,4,3,7,5,6,7,7,6,6,7,6,5,4,4,3,6,5,6,5,4,5,4,3,5,4,6,2,3,5,3,2,3,5,3.5,6.25,6.5,4.75,5.0,4.5,4.5,3.25,3.333
443,1,21,2,0,3,4,1,0,1,0,1,4,5,5,4,2,4,3,4,2,4,4,2,4,3,3,4,3,4,2,2,4,6,5,5,4,5,5,3,5,4,4,6,6,7,6,4.5,3.25,3.0,3.5,2.75,5.0,4.25,4.75,6.333
444,1,18,1,0,3,1,1,0,0,0,3,6,6,5,6,5,5,5,5,4,2,4,4,7,7,5,7,6,4,4,2,6,6,6,5,5,5,6,6,6,5,5,5,6,5,7,5.75,5.0,3.5,6.5,4.0,5.75,5.5,5.25,6.0
445,0,18,1,0,2,3,0,0,0,0,1,6,5,4,4,5,4,5,5,5,5,5,6,3,5,3,2,2,4,3,3,3,3,3,3,5,6,7,6,2,3,3,2,5,5,6,4.75,4.75,5.25,3.25,3.0,3.0,6.0,2.5,5.333
446,0,22,2,0,4,1,1,1,0,1,3,5,5,7,6,3,3,3,4,5,6,5,4,5,4,5,3,3,3,2,3,5,5,5,5,6,6,5,7,4,3,5,3,4,5,5,5.75,3.25,5.0,4.25,2.75,5.0,6.0,3.75,4.667
447,0,29,3,0,4,3,1,1,1,0,2,4,7,5,3,7,5,5,3,5,6,4,4,6,5,4,5,7,4,4,4,6,5,7,5,4,6,5,7,4,4,5,4,5,4,4,4.75,5.0,4.75,5.0,4.75,5.75,5.5,4.25,4.333
448,0,23,2,1,2,1,0,0,0,1,2,5,4,4,3,4,5,5,6,4,3,4,3,4,5,4,4,3,2,3,3,7,4,4,7,3,5,5,4,4,5,5,7,4,5,7,4.0,5.0,3.5,4.25,2.75,5.5,4.25,5.25,5.333
449,1,19,1,0,4,1,0,1,0,0,1,5,4,4,5,6,7,6,6,4,5,2,4,5,5,4,5,4,2,3,3,5,6,7,3,4,4,4,4,1,3,4,2,5,5,6,4.5,6.25,3.75,4.75,3.0,5.25,4.0,2.5,5.333
450,1,19,1,1,1,2,0,0,1,0,1,4,6,5,5,4,4,3,3,6,6,6,5,4,6,5,7,4,3,3,4,3,3,2,2,4,4,3,2,5,4,6,6,5,6,5,5.0,3.5,5.75,5.5,3.5,2.5,3.25,5.25,5.333
451,0,20,1,0,4,4,1,0,0,1,1,4,5,5,6,1,3,2,2,5,5,4,4,5,3,3,4,2,2,1,2,5,4,4,4,5,5,5,5,5,5,5,6,4,6,5,5.0,2.0,4.5,3.75,1.75,4.25,5.0,5.25,5.0
452,0,28,3,0,2,1,0,0,0,0,1,5,6,5,6,2,3,3,2,5,5,4,6,4,5,3,4,6,4,4,4,7,6,7,6,5,5,6,6,5,4,4,6,4,2,3,5.5,2.5,5.0,4.0,4.5,6.5,5.5,4.75,3.0
453,1,19,1,0,4,1,1,1,0,0,3,6,6,3,3,3,5,4,3,4,4,4,4,3,6,5,4,4,4,2,5,6,4,7,7,7,7,7,7,6,6,5,6,5,5,6,4.5,3.75,4.0,4.5,3.75,6.0,7.0,5.75,5.333
454,0,21,2,1,5,3,1,0,0,0,3,5,7,6,5,3,5,4,4,3,4,3,3,4,4,3,3,1,1,1,2,7,4,3,7,6,7,6,6,3,4,5,5,5,5,4,5.75,4.0,3.25,3.5,1.25,5.25,6.25,4.25,4.667
455,1,18,1,1,3,2,1,1,1,1,3,6,5,4,5,1,3,3,2,5,5,6,6,7,7,7,7,3,4,3,2,5,4,5,5,3,3,3,4,5,4,4,3,4,4,5,5.0,2.25,5.5,7.0,3.0,4.75,3.25,4.0,4.333
456,1,21,2,0,1,4,1,0,0,0,2,7,6,7,6,2,2,2,1,5,6,4,5,4,3,2,5,2,3,1,2,6,5,6,6,3,4,4,3,6,6,6,4,7,6,7,6.5,1.75,5.0,3.5,2.0,5.75,3.5,5.5,6.667
457,1,21,2,1,5,1,1,0,1,0,2,6,6,7,6,6,5,4,3,7,7,7,7,6,6,6,6,4,5,4,6,7,6,6,6,7,7,6,7,2,4,5,7,5,4,4,6.25,4.5,7.0,6.0,4.75,6.25,6.75,4.5,4.333
458,1,23,2,0,5,3,1,1,0,0,2,5,5,4,5,6,6,5,5,2,4,4,4,5,4,4,4,2,1,1,2,7,5,5,6,5,6,4,4,3,2,5,5,5,4,6,4.75,5.5,3.5,4.25,1.5,5.75,4.75,3.75,5.0
459,1,18,1,1,2,1,0,1,0,0,3,3,5,3,4,3,4,5,3,4,5,6,4,4,4,3,4,4,3,4,2,4,5,5,5,6,5,6,5,3,4,4,3,7,7,7,3.75,3.75,4.75,3.75,3.25,4.75,5.5,3.5,7.0
460,1,20,1,1,3,1,1,1,0,0,2,3,3,1,2,4,5,3,3,2,3,4,4,5,5,3,4,4,4,3,5,7,7,6,7,3,4,3,5,6,6,7,7,7,6,7,2.25,3.75,3.25,4.25,4.0,6.75,3.75,6.5,6.667
461,1,19,1,1,3,3,1,0,1,1,3,4,4,2,3,4,4,3,4,4,3,6,5,6,6,6,3,4,4,2,4,7,6,6,7,6,6,7,6,3,4,5,5,7,7,7,3.25,3.75,4.5,5.25,3.5,6.5,6.25,4.25,7.0
462,0,29,3,0,1,3,1,1,0,0,3,4,4,2,3,3,4,4,3,5,5,7,5,6,6,5,5,4,5,4,3,7,6,6,7,5,4,5,4,6,6,7,6,4,3,4,3.25,3.5,5.5,5.5,4.0,6.5,4.5,6.25,3.667
463,0,28,3,0,2,3,0,0,0,0,2,7,6,6,6,6,6,5,4,2,2,4,3,5,7,6,7,1,1,1,1,6,5,5,5,4,4,2,4,4,5,4,4,7,5,6,6.25,5.25,2.75,6.25,1.0,5.25,3.5,4.25,6.0
464,0,22,2,1,1,2,1,1,0,0,1,5,4,5,6,5,6,3,3,4,3,4,4,7,7,7,7,4,5,4,5,7,7,6,6,3,5,5,4,5,4,5,6,4,2,3,5.0,4.25,3.75,7.0,4.5,6.5,4.25,5.0,3.0
465,0,23,2,1,4,2,1,0,0,0,2,4,5,4,4,2,3,3,5,2,3,3,5,4,6,4,6,4,3,4,3,4,4,4,4,3,6,6,4,5,5,6,6,6,6,5,4.25,3.25,3.25,5.0,3.5,4.0,4.75,5.5,5.667
466,1,21,2,0,5,2,0,0,0,0,2,3,2,2,2,3,3,2,3,5,5,4,4,6,3,4,4,6,5,4,5,7,4,6,4,6,3,4,6,3,3,3,2,5,4,5,2.25,2.75,4.5,4.25,5.0,5.25,4.75,2.75,4.667
467,1,20,1,1,1,4,0,0,0,0,3,4,4,4,3,5,4,3,4,6,4,6,6,5,5,5,6,4,5,3,6,7,4,4,6,7,6,6,5,3,4,3,3,5,4,5,3.75,4.0,5.5,5.25,4.5,5.25,6.0,3.25,4.667
468,0,27,3,0,5,2,1,0,0,0,2,6,5,6,6,6,4,5,3,6,6,6,7,4,5,4,5,3,3,4,4,4,5,5,5,5,4,4,5,6,5,5,4,5,4,4,5.75,4.5,6.25,4.5,3.5,4.75,4.5,5.0,4.333
469,1,21,2,0,2,2,0,1,1,0,3,5,6,4,5,6,4,4,3,6,4,6,4,5,5,6,7,2,1,2,2,6,5,7,5,4,5,6,3,3,2,4,4,5,5,5,5.0,4.25,5.0,5.75,1.75,5.75,4.5,3.25,5.0
470,0,18,1,1,4,2,0,1,1,0,2,5,5,5,6,3,4,4,4,4,4,5,5,3,2,3,4,3,2,2,2,7,6,5,6,4,5,3,4,5,4,4,6,4,3,5,5.25,3.75,4.5,3.0,2.25,6.0,4.0,4.75,4.0
471,1,21,2,1,2,3,0,0,0,0,2,7,6,4,6,7,3,4,3,6,4,5,4,7,7,7,7,7,3,5,5,5,5,6,3,4,4,4,6,1,2,3,4,6,7,5,5.75,4.25,4.75,7.0,5.0,4.75,4.5,2.5,6.0
472,0,19,1,0,4,2,1,1,0,0,3,7,7,7,7,5,6,3,6,4,4,4,4,6,6,5,7,6,4,5,4,6,5,7,7,5,5,4,4,6,5,5,6,5,6,5,7.0,5.0,4.0,6.0,4.75,6.25,4.5,5.5,5.333
473,1,18,1,0,4,4,0,0,0,0,3,5,6,5,5,5,6,6,5,3,1,5,2,2,1,4,2,4,3,3,2,4,3,3,4,5,4,5,4,3,1,4,4,7,5,4,5.25,5.5,2.75,2.25,3.0,3.5,4.5,3.0,5.333
474,0,22,2,0,5,2,1,1,0,0,1,5,4,4,4,4,4,4,4,5,6,6,6,5,3,2,2,1,1,1,1,6,7,6,6,4,5,6,5,6,4,4,5,6,5,4,4.25,4.0,5.75,3.0,1.0,6.25,5.0,4.75,5.0
475,0,18,1,1,2,4,1,1,1,0,1,5,7,4,5,2,2,1,1,5,4,5,7,7,4,6,6,2,3,3,3,7,7,6,6,3,3,5,4,3,4,2,4,5,6,6,5.25,1.5,5.25,5.75,2.75,6.5,3.75,3.25,5.667
476,0,23,2,0,2,1,1,1,0,0,2,7,7,7,7,4,5,4,2,5,5,5,5,6,7,6,6,4,4,2,2,5,5,6,4,6,5,5,6,7,6,7,7,5,5,5,7.0,3.75,5.0,6.25,3.0,5.0,5.5,6.75,5.0
477,1,18,1,1,1,3,1,0,1,0,3,3,2,1,3,3,3,3,3,3,3,3,3,4,4,3,3,4,3,3,3,6,4,5,5,5,5,5,3,4,3,4,1,5,4,6,2.25,3.0,3.0,3.5,3.25,5.0,4.5,3.0,5.0
478,0,18,1,0,2,4,1,1,1,0,3,6,6,6,4,1,2,1,1,4,3,3,4,6,6,6,5,5,3,4,4,6,5,5,4,5,3,4,5,3,5,5,6,6,7,7,5.5,1.25,3.5,5.75,4.0,5.0,4.25,4.75,6.667
479,0,19,1,0,1,1,0,0,0,1,2,5,7,5,5,7,4,6,6,4,4,4,4,4,3,2,3,5,4,4,3,6,5,6,5,3,5,4,5,3,1,3,2,5,7,7,5.5,5.75,4.0,3.0,4.0,5.5,4.25,2.25,6.333
480,0,18,1,1,3,4,1,1,1,1,1,7,6,6,5,4,4,3,4,2,2,2,4,4,5,3,5,5,4,5,4,5,4,5,6,6,3,7,6,6,7,6,7,4,6,4,6.0,3.75,2.5,4.25,4.5,5.0,5.5,6.5,4.667
481,0,23,2,1,3,2,1,0,0,0,3,6,5,3,5,4,5,4,4,2,3,2,2,6,5,5,6,6,3,4,3,7,5,5,6,3,4,6,5,5,4,5,5,3,5,4,4.75,4.25,2.25,5.5,4.0,5.75,4.5,4.75,4.0
482,0,19,1,1,3,4,1,1,1,0,2,5,6,4,4,6,5,5,6,4,3,5,5,4,5,3,3,1,2,1,2,7,7,7,6,6,5,5,6,6,4,5,6,4,5,5,4.75,5.5,4.25,3.75,1.5,6.75,5.5,5.25,4.667
483,1,22,2,0,2,3,1,0,0,0,3,6,5,4,5,4,3,2,3,4,5,6,5,2,3,2,2,4,3,1,2,7,5,7,5,4,6,7,5,5,5,7,5,5,5,5,5.0,3.0,5.0,2.25,2.5,6.0,5.5,5.5,5.0
484,0,22,2,1,2,2,0,0,0,0,1,7,7,7,7,3,5,5,3,4,2,4,4,7,6,3,5,6,5,5,5,5,4,4,4,5,6,7,7,5,5,5,4,7,6,7,7.0,4.0,3.5,5.25,5.25,4.25,6.25,4.75,6.667
485,0,23,2,1,1,1,1,1,1,0,2,4,6,5,5,4,4,5,3,4,3,4,3,3,5,3,4,5,3,5,3,5,5,2,6,6,5,5,4,6,4,5,5,3,3,4,5.0,4.0,3.5,3.75,4.0,4.5,5.0,5.0,3.333
486,0,27,3,0,4,2,1,0,0,1,1,5,6,5,5,3,3,3,3,2,4,5,3,6,6,5,6,5,4,3,3,6,4,5,6,4,4,4,4,4,6,6,5,6,7,6,5.25,3.0,3.5,5.75,3.75,5.25,4.0,5.25,6.333
